"Data Source","World Development Indicators",

"Country Name","Country Code","Indicator Name","Indicator Code","1960","1961","1962","1963","1964","1965","1966","1967","1968","1969","1970","1971","1972","1973","1974","1975","1976","1977","1978","1979","1980","1981","1982","1983","1984","1985","1986","1987","1988","1989","1990","1991","1992","1993","1994","1995","1996","1997","1998","1999","2000","2001","2002","2003","2004","2005","2006","2007","2008","2009","2010","2011","2012","2013",
"Aruba","ABW","Automated teller machines (ATMs) (per 100,000 adults)","FB.ATM.TOTL.P5","","","","","","","","","","","","","","","","","","","","","","","","","","","","","","","","","","","","","","","","","","","","","","","","","","","","110.97000206967","120.789155543664","",
"Andorra","AND","Automated teller machines (ATMs) (per 100,000 adults)","FB.ATM.TOTL.P5","","","","","","","","","","","","","","","","","","","","","","","","","","","","","","","","","","","","","","","","","","","","","","","","","","","","","","",
"Afghanistan","AFG","Automated teller machines (ATMs) (per 100,000 adults)","FB.ATM.TOTL.P5","","","","","","","","","","","","","","","","","","","","","","","","","","","","","","","","","","","","","","","","","","","","","0.0164458948013234","0.0634815127680095","0.123074055487181","0.216865782637517","0.312924295619734","0.466727569400229","0.548108417881984","0.641864956654284","0.669510394726815","",
"Angola","AGO","Automated teller machines (ATMs) (per 100,000 adults)","FB.ATM.TOTL.P5","","","","","","","","","","","","","","","","","","","","","","","","","","","","","","","","","","","","","","","","","","","","","1.0184199243022","1.73687943902963","3.6393080656361","5.28675641609298","7.51617471363846","10.0911765693225","12.6432058854369","15.4488502698191","19.1000518375786","",
"Albania","ALB","Automated teller machines (ATMs) (per 100,000 adults)","FB.ATM.TOTL.P5","","","","","","","","","","","","","","","","","","","","","","","","","","","","","","","","","","","","","","","","","","","","","3.97940807413165","8.72986071672299","13.0893600045985","18.2370770683515","26.8632735865652","30.7648232840471","31.7149778858855","32.755094223472","33.0837647354342","",
"Andean Region","ANR","Automated teller machines (ATMs) (per 100,000 adults)","FB.ATM.TOTL.P5","","","","","","","","","","","","","","","","","","","","","","","","","","","","","","","","","","","","","","","","","","","","","","","","","","","","","","",
"Arab World","ARB","Automated teller machines (ATMs) (per 100,000 adults)","FB.ATM.TOTL.P5","","","","","","","","","","","","","","","","","","","","","","","","","","","","","","","","","","","","","","","","","","","","","5.96894781270707","6.65811805441166","7.39158918988547","14.104013327999","13.1998521795037","15.80391831825","16.9288581150909","21.5126108235753","23.1665108802352","",
"United Arab Emirates","ARE","Automated teller machines (ATMs) (per 100,000 adults)","FB.ATM.TOTL.P5","","","","","","","","","","","","","","","","","","","","","","","","","","","","","","","","","","","","","","","","","","","","","21.0408685111915","47.505580647923","42.274773047989","42.3445061598804","42.3938324748231","54.303348157407","51.6805884578033","54.3475426743155","57.0126877059538","",
"Argentina","ARG","Automated teller machines (ATMs) (per 100,000 adults)","FB.ATM.TOTL.P5","","","","","","","","","","","","","","","","","","","","","","","","","","","","","","","","","","","","","","","","","","","","","21.7825191732143","22.9007241024629","25.5536911852897","28.6938068519687","33.1652259391031","37.1446516838034","42.2049043928822","48.011779565636","51.3885895687229","",
"Armenia","ARM","Automated teller machines (ATMs) (per 100,000 adults)","FB.ATM.TOTL.P5","","","","","","","","","","","","","","","","","","","","","","","","","","","","","","","","","","","","","","","","","","","","","3.02905029160939","4.92659167856831","7.62779095570116","14.3214270011487","22.8201361833028","29.8050822174135","33.4955610853277","42.7717262936918","49.4709985656138","",
"American Samoa","ASM","Automated teller machines (ATMs) (per 100,000 adults)","FB.ATM.TOTL.P5","","","","","","","","","","","","","","","","","","","","","","","","","","","","","","","","","","","","","","","","","","","","","","","","","","","","","","",
"Antigua and Barbuda","ATG","Automated teller machines (ATMs) (per 100,000 adults)","FB.ATM.TOTL.P5","","","","","","","","","","","","","","","","","","","","","","","","","","","","","","","","","","","","","","","","","","","","","53.1395164481307","65.9050965169974","64.8788935169649","62.1717580122175","69.1440607896854","71.1215078898631","74.5932346583418","76.4339006481158","78.2154832130406","",
"Australia","AUS","Automated teller machines (ATMs) (per 100,000 adults)","FB.ATM.TOTL.P5","","","","","","","","","","","","","","","","","","","","","","","","","","","","","","","","","","","","","","","","","","","","","133.770741054552","143.423824804206","147.828915426903","151.507158055853","148.428660406553","153.714349984878","160.823891675807","166.594563984209","165.947795216447","",
"Austria","AUT","Automated teller machines (ATMs) (per 100,000 adults)","FB.ATM.TOTL.P5","","","","","","","","","","","","","","","","","","","","","","","","","","","","","","","","","","","","","","","","","","","","","116.262844979804","106.859333849301","108.34040620372","108.530477992508","109.952442409998","112.06844271047","112.610410909264","113.482983851958","115.381388589202","",
"Azerbaijan","AZE","Automated teller machines (ATMs) (per 100,000 adults)","FB.ATM.TOTL.P5","","","","","","","","","","","","","","","","","","","","","","","","","","","","","","","","","","","","","","","","","","","","","","","16.4747158874228","19.666990218771","22.1363393946478","24.3149750965279","26.7280715385593","29.6828446523543","31.0892233196688","",
"Burundi","BDI","Automated teller machines (ATMs) (per 100,000 adults)","FB.ATM.TOTL.P5","","","","","","","","","","","","","","","","","","","","","","","","","","","","","","","","","","","","","","","","","","","","","0.0493780965401251","0.0471611011312573","0.0451247361790504","0.043241009354232","0.0622903167731097","0.259957738873067","0.482946288141926","0.65525719051714","0.909675733103383","",
"Belgium","BEL","Automated teller machines (ATMs) (per 100,000 adults)","FB.ATM.TOTL.P5","","","","","","","","","","","","","","","","","","","","","","","","","","","","","","","","","","","","","","","","","","","","","83.8473149425939","83.5131648824825","83.0084794222652","86.5709136407333","87.4520270691149","87.2277121430314","91.6440973532921","93.1182321401276","","",
"Benin","BEN","Automated teller machines (ATMs) (per 100,000 adults)","FB.ATM.TOTL.P5","","","","","","","","","","","","","","","","","","","","","","","","","","","","","","","","","","","","","","","","","","","","","","","","","","","","","3.8327706742343","",
"Burkina Faso","BFA","Automated teller machines (ATMs) (per 100,000 adults)","FB.ATM.TOTL.P5","","","","","","","","","","","","","","","","","","","","","","","","","","","","","","","","","","","","","","","","","","","","","","","","","","","","","","",
"Bangladesh","BGD","Automated teller machines (ATMs) (per 100,000 adults)","FB.ATM.TOTL.P5","","","","","","","","","","","","","","","","","","","","","","","","","","","","","","","","","","","","","","","","","","","","","0.127363981614141","0.199129270469247","0.34957471213293","0.504649294491979","0.831153637584759","1.26567758155417","2.07639037243277","3.63945198431975","5.03024598728207","",
"Bulgaria","BGR","Automated teller machines (ATMs) (per 100,000 adults)","FB.ATM.TOTL.P5","","","","","","","","","","","","","","","","","","","","","","","","","","","","","","","","","","","","","","","","","","","","","26.1838211788495","34.103876514262","54.1166448154554","66.4989228229185","78.5104461534817","86.0381444713025","88.7013036535607","93.5832871452505","92.8396968906726","",
"Bahrain","BHR","Automated teller machines (ATMs) (per 100,000 adults)","FB.ATM.TOTL.P5","","","","","","","","","","","","","","","","","","","","","","","","","","","","","","","","","","","","","","","","","","","","","","","","","","","","","","",
"Bahamas, The","BHS","Automated teller machines (ATMs) (per 100,000 adults)","FB.ATM.TOTL.P5","","","","","","","","","","","","","","","","","","","","","","","","","","","","","","","","","","","","","","","","","","","","","63.556467816359","64.4998002524651","63.4437248984915","65.1762270163822","65.7341190982789","66.6810784091004","65.851397305891","75.972678411636","74.4336011177725","",
"Bosnia and Herzegovina","BIH","Automated teller machines (ATMs) (per 100,000 adults)","FB.ATM.TOTL.P5","","","","","","","","","","","","","","","","","","","","","","","","","","","","","","","","","","","","","","","","","","","","","","","15.606770274767","20.7487279588741","28.5016901858974","42.778189349979","34.5620925859121","37.6768843255848","40.0346593690178","",
"Belarus","BLR","Automated teller machines (ATMs) (per 100,000 adults)","FB.ATM.TOTL.P5","","","","","","","","","","","","","","","","","","","","","","","","","","","","","","","","","","","","","","","","","","","","","10.7642888589625","15.2332853581762","18.7092983818347","25.312336233105","30.039597420815","33.4106171734899","37.9714997438836","41.2372007128741","46.01111843182","",
"Belize","BLZ","Automated teller machines (ATMs) (per 100,000 adults)","FB.ATM.TOTL.P5","","","","","","","","","","","","","","","","","","","","","","","","","","","","","","","","","","","","","","","","","","","","","28.7785647559177","30.2093335703449","32.0852552307251","33.8090614096418","35.3896876789567","36.8352782866198","38.6579171993094","40.3302230745044","39.5137925901691","",
"Bermuda","BMU","Automated teller machines (ATMs) (per 100,000 adults)","FB.ATM.TOTL.P5","","","","","","","","","","","","","","","","","","","","","","","","","","","","","","","","","","","","","","","","","","","","","","","","","","","","","","",
"Bolivia","BOL","Automated teller machines (ATMs) (per 100,000 adults)","FB.ATM.TOTL.P5","","","","","","","","","","","","","","","","","","","","","","","","","","","","","","","","","","","","","","","","","","","","","","","","13.315124075075","14.4703958844126","16.922774923209","20.059337553193","24.5097889739373","27.8898422992129","",
"Brazil","BRA","Automated teller machines (ATMs) (per 100,000 adults)","FB.ATM.TOTL.P5","","","","","","","","","","","","","","","","","","","","","","","","","","","","","","","","","","","","","","","","","","","","","105.182051990798","108.884235618795","107.7074957936","110.132840642971","112.245933043793","115.613592778423","119.093567490682","117.864032686095","118.600920158659","",
"Barbados","BRB","Automated teller machines (ATMs) (per 100,000 adults)","FB.ATM.TOTL.P5","","","","","","","","","","","","","","","","","","","","","","","","","","","","","","","","","","","","","","","","","","","","","","","30.5719963240813","32.1465432386878","36.8468116274158","37.0224695716446","36.7593326631029","32.5475017593244","36.505981703026","",
"Brunei Darussalam","BRN","Automated teller machines (ATMs) (per 100,000 adults)","FB.ATM.TOTL.P5","","","","","","","","","","","","","","","","","","","","","","","","","","","","","","","","","","","","","","","","","","","","","35.2409105694421","43.5778145112494","46.639703121688","58.6367150024828","70.7724144190448","80.9851683508021","80.2600962206739","78.9605197148407","90.5030589239366","",
"Bhutan","BTN","Automated teller machines (ATMs) (per 100,000 adults)","FB.ATM.TOTL.P5","","","","","","","","","","","","","","","","","","","","","","","","","","","","","","","","","","","","","","","","","","","","","0.486877449613963","0.465851894848424","0.448122023859035","2.1653035767344","3.14993699894432","4.08182424981745","8.34043254237809","13.9257716451252","7.73368941390288","",
"Botswana","BWA","Automated teller machines (ATMs) (per 100,000 adults)","FB.ATM.TOTL.P5","","","","","","","","","","","","","","","","","","","","","","","","","","","","","","","","","","","","","","","","","","","","","14.5590891609636","15.6455809015786","18.5971892645481","31.2968177646699","28.4114978107359","27.2443061657929","28.8888150044515","26.6639992442187","26.5913452953244","",
"Sub-Saharan Africa (IFC classification)","CAA","Automated teller machines (ATMs) (per 100,000 adults)","FB.ATM.TOTL.P5","","","","","","","","","","","","","","","","","","","","","","","","","","","","","","","","","","","","","","","","","","","","","","","","","","","","","","",
"Central African Republic","CAF","Automated teller machines (ATMs) (per 100,000 adults)","FB.ATM.TOTL.P5","","","","","","","","","","","","","","","","","","","","","","","","","","","","","","","","","","","","","","","","","","","","","0","0","0","0","0.119823197591363","0.312197924117953","0.64795129235791","0.893114512791874","0.893114512791874","",
"Canada","CAN","Automated teller machines (ATMs) (per 100,000 adults)","FB.ATM.TOTL.P5","","","","","","","","","","","","","","","","","","","","","","","","","","","","","","","","","","","","","","","","","","","","","184.641847206171","197.840681845992","206.326916908157","211.572685237832","217.084810231491","215.382642601175","217.267197132201","206.506085410191","204.773651807757","",
"East Asia and the Pacific (IFC classification)","CEA","Automated teller machines (ATMs) (per 100,000 adults)","FB.ATM.TOTL.P5","","","","","","","","","","","","","","","","","","","","","","","","","","","","","","","","","","","","","","","","","","","","","","","","","","","","","","",
"Central Europe and the Baltics","CEB","Automated teller machines (ATMs) (per 100,000 adults)","FB.ATM.TOTL.P5","","","","","","","","","","","","","","","","","","","","","","","","","","","","","","","","","","","","","","","","","","","","","36.9168641581421","41.3484642310377","44.6506230961426","50.1808368578675","54.1038276919016","55.559920083913","56.7387920167435","60.5693588851632","60.6439422088154","",
"Europe and Central Asia (IFC classification)","CEU","Automated teller machines (ATMs) (per 100,000 adults)","FB.ATM.TOTL.P5","","","","","","","","","","","","","","","","","","","","","","","","","","","","","","","","","","","","","","","","","","","","","","","","","","","","","","",
"Switzerland","CHE","Automated teller machines (ATMs) (per 100,000 adults)","FB.ATM.TOTL.P5","","","","","","","","","","","","","","","","","","","","","","","","","","","","","","","","","","","","","","","","","","","","","87.3751061549513","89.1710839133593","91.2512375540054","93.1956903165202","94.1357561407674","94.8934879635021","95.9845678177907","98.8982387913663","99.1896279867253","",
"Channel Islands","CHI","Automated teller machines (ATMs) (per 100,000 adults)","FB.ATM.TOTL.P5","","","","","","","","","","","","","","","","","","","","","","","","","","","","","","","","","","","","","","","","","","","","","","","","","","","","","","",
"Chile","CHL","Automated teller machines (ATMs) (per 100,000 adults)","FB.ATM.TOTL.P5","","","","","","","","","","","","","","","","","","","","","","","","","","","","","","","","","","","","","","","","","","","","","33.2116622195847","39.2115865909774","43.1492728394368","48.6202400995303","54.5372000763078","57.5049249751223","61.4069108522972","64.3611371070395","67.2791320439964","",
"China","CHN","Automated teller machines (ATMs) (per 100,000 adults)","FB.ATM.TOTL.P5","","","","","","","","","","","","","","","","","","","","","","","","","","","","","","","","","","","","","","","","","","","","","","","9.62574128223036","11.9758876000532","15.554252678124","19.7747574908798","24.7562953201275","30.2892839545112","37.5129200530884","",
"Cote d'Ivoire","CIV","Automated teller machines (ATMs) (per 100,000 adults)","FB.ATM.TOTL.P5","","","","","","","","","","","","","","","","","","","","","","","","","","","","","","","","","","","","","","","","","","","","","","","","","","","3.66273093218304","4.44074146881193","4.78362357845655","",
"Latin America and the Caribbean (IFC classification)","CLA","Automated teller machines (ATMs) (per 100,000 adults)","FB.ATM.TOTL.P5","","","","","","","","","","","","","","","","","","","","","","","","","","","","","","","","","","","","","","","","","","","","","","","","","","","","","","",
"Middle East and North Africa (IFC classification)","CME","Automated teller machines (ATMs) (per 100,000 adults)","FB.ATM.TOTL.P5","","","","","","","","","","","","","","","","","","","","","","","","","","","","","","","","","","","","","","","","","","","","","","","","","","","","","","",
"Cameroon","CMR","Automated teller machines (ATMs) (per 100,000 adults)","FB.ATM.TOTL.P5","","","","","","","","","","","","","","","","","","","","","","","","","","","","","","","","","","","","","","","","","","","","","0.31036522481977","0.57541069206692","0.665127208435576","0.861098260245887","1.18231719187573","1.44341648937874","1.71745200880915","2.29690136192271","2.58191831924159","",
"Congo, Rep.","COG","Automated teller machines (ATMs) (per 100,000 adults)","FB.ATM.TOTL.P5","","","","","","","","","","","","","","","","","","","","","","","","","","","","","","","","","","","","","","","","","","","","","0.495312262200065","0.530715394702688","0.609446868000149","0.682103624240895","1.14631401841574","1.41231029569926","1.99843622365499","2.47642725434045","2.96359327158775","",
"Colombia","COL","Automated teller machines (ATMs) (per 100,000 adults)","FB.ATM.TOTL.P5","","","","","","","","","","","","","","","","","","","","","","","","","","","","","","","","","","","","","","","","","","","","","","","","","26.9608426828931","28.5770425789404","34.7449272593571","32.2979704579865","35.7683387142657","",
"Comoros","COM","Automated teller machines (ATMs) (per 100,000 adults)","FB.ATM.TOTL.P5","","","","","","","","","","","","","","","","","","","","","","","","","","","","","","","","","","","","","","","","","","","","","0.583270630696488","0.569409595993856","0.556173543064255","0.543478253662023","1.06223640010578","1.55660602308233","3.29288152462627","7.16709463596989","7.47052766769391","",
"Cabo Verde","CPV","Automated teller machines (ATMs) (per 100,000 adults)","FB.ATM.TOTL.P5","","","","","","","","","","","","","","","","","","","","","","","","","","","","","","","","","","","","","","","","","","","","","","","19.5711312766249","27.0024715203345","33.7693045857768","36.9031960172772","41.6830491889543","43.6690453386605","45.603364442887","",
"Costa Rica","CRI","Automated teller machines (ATMs) (per 100,000 adults)","FB.ATM.TOTL.P5","","","","","","","","","","","","","","","","","","","","","","","","","","","","","","","","","","","","","","","","","","","","","26.1826655850369","28.7852714480807","31.7961950875362","36.4560328595413","38.8039520332686","42.425485160565","44.1856386357574","52.7627524424794","54.6648890076263","",
"South Asia (IFC classification)","CSA","Automated teller machines (ATMs) (per 100,000 adults)","FB.ATM.TOTL.P5","","","","","","","","","","","","","","","","","","","","","","","","","","","","","","","","","","","","","","","","","","","","","","","","","","","","","","",
"Caribbean small states","CSS","Automated teller machines (ATMs) (per 100,000 adults)","FB.ATM.TOTL.P5","","","","","","","","","","","","","","","","","","","","","","","","","","","","","","","","","","","","","","","","","","","","","18.3061568098828","20.2129353335611","22.5639437905054","22.7690473808067","27.6924853045202","29.2357747759669","30.0454016253532","30.7517129560859","31.1252154773986","",
"Cuba","CUB","Automated teller machines (ATMs) (per 100,000 adults)","FB.ATM.TOTL.P5","","","","","","","","","","","","","","","","","","","","","","","","","","","","","","","","","","","","","","","","","","","","","","","","","","","","","","",
"Curacao","CUW","Automated teller machines (ATMs) (per 100,000 adults)","FB.ATM.TOTL.P5","","","","","","","","","","","","","","","","","","","","","","","","","","","","","","","","","","","","","","","","","","","","","","","","","","","","","","",
"Cayman Islands","CYM","Automated teller machines (ATMs) (per 100,000 adults)","FB.ATM.TOTL.P5","","","","","","","","","","","","","","","","","","","","","","","","","","","","","","","","","","","","","","","","","","","","","","","","","","","","","","",
"Cyprus","CYP","Automated teller machines (ATMs) (per 100,000 adults)","FB.ATM.TOTL.P5","","","","","","","","","","","","","","","","","","","","","","","","","","","","","","","","","","","","","","","","","","","","","55.0694865833432","56.8694000589169","64.2104777982103","63.4135298132159","66.3473928707571","70.2357327531001","72.2806073391887","75.7233857466967","64.044718091281","",
"Czech Republic","CZE","Automated teller machines (ATMs) (per 100,000 adults)","FB.ATM.TOTL.P5","","","","","","","","","","","","","","","","","","","","","","","","","","","","","","","","","","","","","","","","","","","","","31.7591430226379","34.5136552926279","37.4362101013737","37.9469551267145","38.0740541147824","39.6405148868615","41.3696650737275","43.4286032152202","45.3158436598968","",
"Germany","DEU","Automated teller machines (ATMs) (per 100,000 adults)","FB.ATM.TOTL.P5","","","","","","","","","","","","","","","","","","","","","","","","","","","","","","","","","","","","","","","","","","","","","","","","106.957175596903","109.725373309866","112.130747050727","116.476145750631","118.76943737683","","",
"Djibouti","DJI","Automated teller machines (ATMs) (per 100,000 adults)","FB.ATM.TOTL.P5","","","","","","","","","","","","","","","","","","","","","","","","","","","","","","","","","","","","","","","","","","","","","0.816326530612245","0.804828973843058","0.992063492063492","0.978473581213307","1.15830115830116","2.28136882129278","2.99625468164794","3.3210332103321","4.36363636363636","",
"Dominica","DMA","Automated teller machines (ATMs) (per 100,000 adults)","FB.ATM.TOTL.P5","","","","","","","","","","","","","","","","","","","","","","","","","","","","","","","","","","","","","","","","","","","","","22.8228609804506","24.6681604832308","24.4692482163102","20.2424611861546","24.1229058250732","39.9152325887867","53.4552999252242","51.0201222272212","50.5371727728105","",
"Denmark","DNK","Automated teller machines (ATMs) (per 100,000 adults)","FB.ATM.TOTL.P5","","","","","","","","","","","","","","","","","","","","","","","","","","","","","","","","","","","","","","","","","","","","","67.0683476103145","68.1665387074648","69.9233789344689","70.4165901107422","68.7435923862721","65.1948115914927","63.1853755955779","61.0373390074464","59.093752899517","",
"Dominican Republic","DOM","Automated teller machines (ATMs) (per 100,000 adults)","FB.ATM.TOTL.P5","","","","","","","","","","","","","","","","","","","","","","","","","","","","","","","","","","","","","","","","","","","","","18.7973085742501","23.6962284272196","24.1161336580997","25.8044578461795","26.3111680247785","27.1573225883755","28.0384064161918","29.5394534973923","30.7318852687366","",
"Algeria","DZA","Automated teller machines (ATMs) (per 100,000 adults)","FB.ATM.TOTL.P5","","","","","","","","","","","","","","","","","","","","","","","","","","","","","","","","","","","","","","","","","","","","","1.23297589304405","1.46143846553336","2.31700149149792","3.60591620705262","4.0689075343202","5.15850074718141","5.73832708368569","6.13013097245352","5.7965268631396","",
"East Asia & Pacific (developing only)","EAP","Automated teller machines (ATMs) (per 100,000 adults)","FB.ATM.TOTL.P5","","","","","","","","","","","","","","","","","","","","","","","","","","","","","","","","","","","","","","","","","","","","","9.50511383881751","9.41321993773652","9.62574128223036","11.6626503767662","10.9020801236327","14.3515320914149","14.3919088828967","17.0078009389366","20.233322684385","",
"East Asia & Pacific (all income levels)","EAS","Automated teller machines (ATMs) (per 100,000 adults)","FB.ATM.TOTL.P5","","","","","","","","","","","","","","","","","","","","","","","","","","","","","","","","","","","","","","","","","","","","","26.8353488511313","28.3798068570312","20.1935068510545","25.513118217795","13.3902532510415","14.9096003991817","21.5752713410784","30.7719660828961","36.9898809250264","",
"Europe & Central Asia (developing only)","ECA","Automated teller machines (ATMs) (per 100,000 adults)","FB.ATM.TOTL.P5","","","","","","","","","","","","","","","","","","","","","","","","","","","","","","","","","","","","","","","","","","","","","9.9500011319682","10.6415323383272","16.4747158874228","23.0800730908979","30.039597420815","37.1656464147771","37.9714997438836","41.8613639674005","46.01111843182","",
"Europe & Central Asia (all income levels)","ECS","Automated teller machines (ATMs) (per 100,000 adults)","FB.ATM.TOTL.P5","","","","","","","","","","","","","","","","","","","","","","","","","","","","","","","","","","","","","","","","","","","","","38.1829701371983","39.5411626518813","42.26073484358","50.1808368578675","59.1877020672933","57.5589734714409","56.7387920167435","58.8438632146647","56.6811428399491","",
"Ecuador","ECU","Automated teller machines (ATMs) (per 100,000 adults)","FB.ATM.TOTL.P5","","","","","","","","","","","","","","","","","","","","","","","","","","","","","","","","","","","","","","","","","","","","","3.10129086354475","5.03255392112318","8.23811693357602","23.4695032231629","27.1402654950608","30.7463809693442","35.9832956530869","41.9171182805214","43.5716133136509","",
"Egypt, Arab Rep.","EGY","Automated teller machines (ATMs) (per 100,000 adults)","FB.ATM.TOTL.P5","","","","","","","","","","","","","","","","","","","","","","","","","","","","","","","","","","","","","","","","","","","","","2.66106894561052","3.36215945502254","4.46241444663031","5.45583106802567","6.50982471264934","7.72928729387556","8.6801948310331","9.27037053290191","10.5768263269073","",
"Euro area","EMU","Automated teller machines (ATMs) (per 100,000 adults)","FB.ATM.TOTL.P5","","","","","","","","","","","","","","","","","","","","","","","","","","","","","","","","","","","","","","","","","","","","","82.555054902381","83.5131648824825","83.0084794222652","90.7651935461594","97.3281069734392","94.053213440394","92.1208193598158","91.7745393783672","84.7141645403239","",
"Eritrea","ERI","Automated teller machines (ATMs) (per 100,000 adults)","FB.ATM.TOTL.P5","","","","","","","","","","","","","","","","","","","","","","","","","","","","","","","","","","","","","","","","","","","","","","","","","","","","","","",
"Spain","ESP","Automated teller machines (ATMs) (per 100,000 adults)","FB.ATM.TOTL.P5","","","","","","","","","","","","","","","","","","","","","","","","","","","","","","","","","","","","","","","","","","","","","146.856676067644","149.8656291845","153.332144758872","158.926208779768","158.134395594562","153.684196381213","151.321789560918","149.24910049152","138.14804269515","",
"Estonia","EST","Automated teller machines (ATMs) (per 100,000 adults)","FB.ATM.TOTL.P5","","","","","","","","","","","","","","","","","","","","","","","","","","","","","","","","","","","","","","","","","","","","","68.4339802677787","73.7474151398128","80.472748678835","87.742580466329","89.4657227117473","88.5734863717245","88.377464253978","87.2158348941453","82.7087734749356","",
"Ethiopia","ETH","Automated teller machines (ATMs) (per 100,000 adults)","FB.ATM.TOTL.P5","","","","","","","","","","","","","","","","","","","","","","","","","","","","","","","","","","","","","","","","","","","","","0.0201436750055247","0.0195269611286926","0.030737499909018","0.041198811416258","0.0686320652285312","0.0984239971329327","0.299585273963649","0.318961248146564","0.463300214307864","",
"European Union","EUU","Automated teller machines (ATMs) (per 100,000 adults)","FB.ATM.TOTL.P5","","","","","","","","","","","","","","","","","","","","","","","","","","","","","","","","","","","","","","","","","","","","","63.272907292613","65.5842066054584","69.9233789344689","77.668289067049","83.120094785181","86.6329283071669","82.6004251030001","81.469610320421","66.5370808357099","",
"Fragile and conflict affected situations","FCS","Automated teller machines (ATMs) (per 100,000 adults)","FB.ATM.TOTL.P5","","","","","","","","","","","","","","","","","","","","","","","","","","","","","","","","","","","","","","","","","","","","","","","0.633414880420987","1.02706741107303","1.36117064881414","1.52616681792867","2.1157534665501","1.82611018283658","2.08522838079578","",
"Finland","FIN","Automated teller machines (ATMs) (per 100,000 adults)","FB.ATM.TOTL.P5","","","","","","","","","","","","","","","","","","","","","","","","","","","","","","","","","","","","","","","","","","","","","111.278293906387","107.90215543979","104.49406971247","101.457109350567","100.031050211472","91.6563229174906","36.9804025084804","36.0247147934645","35.3329600502769","",
"Fiji","FJI","Automated teller machines (ATMs) (per 100,000 adults)","FB.ATM.TOTL.P5","","","","","","","","","","","","","","","","","","","","","","","","","","","","","","","","","","","","","","","","","","","","","19.0436313912537","19.4499688975723","21.0599580751118","22.4603130203809","25.8472094244968","27.1744139288182","33.0749557090321","36.2790637410193","36.7649440589794","",
"France","FRA","Automated teller machines (ATMs) (per 100,000 adults)","FB.ATM.TOTL.P5","","","","","","","","","","","","","","","","","","","","","","","","","","","","","","","","","","","","","","","","","","","","","85.6011293067062","92.8879498618769","92.1741320440648","99.9089132147298","101.53136061592","104.007943970931","105.927054734439","108.929226989282","109.003381786727","",
"Faeroe Islands","FRO","Automated teller machines (ATMs) (per 100,000 adults)","FB.ATM.TOTL.P5","","","","","","","","","","","","","","","","","","","","","","","","","","","","","","","","","","","","","","","","","","","","","","","","","","","","","","",
"Micronesia, Fed. Sts.","FSM","Automated teller machines (ATMs) (per 100,000 adults)","FB.ATM.TOTL.P5","","","","","","","","","","","","","","","","","","","","","","","","","","","","","","","","","","","","","","","","","","","","","2.9875647286881","2.95906138572845","2.93411051642703","2.91139359978997","2.88930721839513","2.86535983619841","8.51401975252583","8.4209870233721","14.0349783722868","",
"Gabon","GAB","Automated teller machines (ATMs) (per 100,000 adults)","FB.ATM.TOTL.P5","","","","","","","","","","","","","","","","","","","","","","","","","","","","","","","","","","","","","","","","","","","","","0.611239016666689","5.46280660002043","5.88205863852164","6.38415917479654","6.63687230540368","7.72139219857665","9.36742113866666","10.831697886249","12.2358068715035","",
"United Kingdom","GBR","Automated teller machines (ATMs) (per 100,000 adults)","FB.ATM.TOTL.P5","","","","","","","","","","","","","","","","","","","","","","","","","","","","","","","","","","","","","","","","","","","","","","117.938836304729","121.353302187067","126.358938951513","126.221663548634","121.859068328759","122.776175515765","124.28217040052","","",
"Georgia","GEO","Automated teller machines (ATMs) (per 100,000 adults)","FB.ATM.TOTL.P5","","","","","","","","","","","","","","","","","","","","","","","","","","","","","","","","","","","","","","","","","","","","","1.94525164432732","5.19797214767333","12.0922880183828","23.0800730908979","36.6346488035108","37.1656464147771","40.3754882110914","41.8613639674005","51.6058779011385","",
"Ghana","GHA","Automated teller machines (ATMs) (per 100,000 adults)","FB.ATM.TOTL.P5","","","","","","","","","","","","","","","","","","","","","","","","","","","","","","","","","","","","","","","","","","","","","","","","","3.83507502346449","3.8788726985726","3.9294643112715","4.06611341443127","5.46969046303712","",
"Guinea","GIN","Automated teller machines (ATMs) (per 100,000 adults)","FB.ATM.TOTL.P5","","","","","","","","","","","","","","","","","","","","","","","","","","","","","","","","","","","","","","","","","","","","","","","","","","","","","","",
"Gambia, The","GMB","Automated teller machines (ATMs) (per 100,000 adults)","FB.ATM.TOTL.P5","","","","","","","","","","","","","","","","","","","","","","","","","","","","","","","","","","","","","","","","","","","","","","","","","","","","","","",
"Guinea-Bissau","GNB","Automated teller machines (ATMs) (per 100,000 adults)","FB.ATM.TOTL.P5","","","","","","","","","","","","","","","","","","","","","","","","","","","","","","","","","","","","","","","","","","","","","","","","","","","1.4617203549057","1.4267352079129","2.08522838079578","",
"Equatorial Guinea","GNQ","Automated teller machines (ATMs) (per 100,000 adults)","FB.ATM.TOTL.P5","","","","","","","","","","","","","","","","","","","","","","","","","","","","","","","","","","","","","","","","","","","","","0","0","0","1.03384124004346","3.25324033569929","3.15209590130545","3.99534659631723","7.52005445899325","7.74793489714456","",
"Greece","GRC","Automated teller machines (ATMs) (per 100,000 adults)","FB.ATM.TOTL.P5","","","","","","","","","","","","","","","","","","","","","","","","","","","","","","","","","","","","","","","","","","","","","","65.5842066054584","69.8230941347346","75.2635086490313","78.788162501247","78.4674219822449","76.8233859520222","73.0723545830783","71.187789612701","",
"Grenada","GRD","Automated teller machines (ATMs) (per 100,000 adults)","FB.ATM.TOTL.P5","","","","","","","","","","","","","","","","","","","","","","","","","","","","","","","","","","","","","","","","","","","","","35.2579475509589","37.486983817428","38.3566893805092","41.9815286316042","45.5886298303949","47.8411669216929","51.3969427596299","49.6848926895099","45.4303554257107","",
"Greenland","GRL","Automated teller machines (ATMs) (per 100,000 adults)","FB.ATM.TOTL.P5","","","","","","","","","","","","","","","","","","","","","","","","","","","","","","","","","","","","","","","","","","","","","","","","","","","","","","",
"Guatemala","GTM","Automated teller machines (ATMs) (per 100,000 adults)","FB.ATM.TOTL.P5","","","","","","","","","","","","","","","","","","","","","","","","","","","","","","","","","","","","","","","","","","","","","","","","","21.1269818974555","23.0359111014232","25.2776953203835","27.2507106828773","28.7013188561103","",
"Guam","GUM","Automated teller machines (ATMs) (per 100,000 adults)","FB.ATM.TOTL.P5","","","","","","","","","","","","","","","","","","","","","","","","","","","","","","","","","","","","","","","","","","","","","","","","","","","","","","",
"Guyana","GUY","Automated teller machines (ATMs) (per 100,000 adults)","FB.ATM.TOTL.P5","","","","","","","","","","","","","","","","","","","","","","","","","","","","","","","","","","","","","","","","","","","","","12.4427371127859","13.0576173546369","13.2537280001824","13.8566888094787","14.0273572393921","14.370647439167","15.2789947941222","15.1158174192961","15.9084622619306","",
"High income","HIC","Automated teller machines (ATMs) (per 100,000 adults)","FB.ATM.TOTL.P5","","","","","","","","","","","","","","","","","","","","","","","","","","","","","","","","","","","","","","","","","","","","","67.0683476103145","65.5842066054584","70.6642511878558","80.0730694850667","83.0613113867205","78.4674219822449","72.2806073391887","75.7233857466967","68.2359371531009","",
"Hong Kong SAR, China","HKG","Automated teller machines (ATMs) (per 100,000 adults)","FB.ATM.TOTL.P5","","","","","","","","","","","","","","","","","","","","","","","","","","","","","","","","","","","","","","","","","","","","","","","","","","","46.3658457312465","49.3519568366868","","",
"Honduras","HND","Automated teller machines (ATMs) (per 100,000 adults)","FB.ATM.TOTL.P5","","","","","","","","","","","","","","","","","","","","","","","","","","","","","","","","","","","","","","","","","","","","","4.66308802169871","6.26168039088167","8.11206528165744","11.2310885567586","14.247567781196","16.8238210838059","17.542125932371","23.07287590252","23.6211155654529","",
"Heavily indebted poor countries (HIPC)","HPC","Automated teller machines (ATMs) (per 100,000 adults)","FB.ATM.TOTL.P5","","","","","","","","","","","","","","","","","","","","","","","","","","","","","","","","","","","","","","","","","","","","","","","","1.02706741107303","1.22848612786892","1.4847916536537","1.85794411623207","2.58183983179224","3.36580979416043","",
"Croatia","HRV","Automated teller machines (ATMs) (per 100,000 adults)","FB.ATM.TOTL.P5","","","","","","","","","","","","","","","","","","","","","","","","","","","","","","","","","","","","","","","","","","","","","","61.8237998746933","70.6642511878558","80.0730694850667","89.2572673971992","96.1408708713795","101.389632503438","109.436612233383","111.67077072437","",
"Haiti","HTI","Automated teller machines (ATMs) (per 100,000 adults)","FB.ATM.TOTL.P5","","","","","","","","","","","","","","","","","","","","","","","","","","","","","","","","","","","","","","","","","","","","","","","","","","","0.458958437774246","0.449926940526901","0.440933332383032","",
"Hungary","HUN","Automated teller machines (ATMs) (per 100,000 adults)","FB.ATM.TOTL.P5","","","","","","","","","","","","","","","","","","","","","","","","","","","","","","","","","","","","","","","","","","","","","38.7086631773353","41.4290749640245","44.6506230961426","50.1808368578675","54.1038276919016","55.559920083913","56.7387920167435","57.6271141301066","56.4437110145677","",
"Indonesia","IDN","Automated teller machines (ATMs) (per 100,000 adults)","FB.ATM.TOTL.P5","","","","","","","","","","","","","","","","","","","","","","","","","","","","","","","","","","","","","","","","","","","","","8.64041141898971","9.41321993773652","10.6408116327406","11.6626503767662","13.3681241082966","14.3967964402063","13.2895231354306","16.7881012299882","36.4668417969644","",
"Isle of Man","IMN","Automated teller machines (ATMs) (per 100,000 adults)","FB.ATM.TOTL.P5","","","","","","","","","","","","","","","","","","","","","","","","","","","","","","","","","","","","","","","","","","","","","","","","","","","","","","",
"India","IND","Automated teller machines (ATMs) (per 100,000 adults)","FB.ATM.TOTL.P5","","","","","","","","","","","","","","","","","","","","","","","","","","","","","","","","","","","","","","","","","","","","","","2.29522493478872","2.74214542589278","3.38114305984382","4.29100072530861","5.31487926009703","7.27423654609287","8.85746153920687","11.2097252075072","",
"Not classified","INX","Automated teller machines (ATMs) (per 100,000 adults)","FB.ATM.TOTL.P5","","","","","","","","","","","","","","","","","","","","","","","","","","","","","","","","","","","","","","","","","","","","","","","","","","","","","","",
"Ireland","IRL","Automated teller machines (ATMs) (per 100,000 adults)","FB.ATM.TOTL.P5","","","","","","","","","","","","","","","","","","","","","","","","","","","","","","","","","","","","","","","","","","","","","90.7937965119206","89.1168575015194","90.2916432539392","93.7878066259897","97.1938000243022","96.4501039632975","92.5975413663394","90.4308466166067","86.7195556057122","",
"Iran, Islamic Rep.","IRN","Automated teller machines (ATMs) (per 100,000 adults)","FB.ATM.TOTL.P5","","","","","","","","","","","","","","","","","","","","","","","","","","","","","","","","","","","","","","","","","","","","","","4.43418209273868","8.4086693267587","13.7763567746216","17.954725463139","23.0796605731542","30.0570974327839","35.6800988424846","46.0659609067544","",
"Iraq","IRQ","Automated teller machines (ATMs) (per 100,000 adults)","FB.ATM.TOTL.P5","","","","","","","","","","","","","","","","","","","","","","","","","","","","","","","","","","","","","","","","","","","","","","","","","0.669550247862344","1.14991215537156","2.1157534665501","2.08848181010171","","",
"Iceland","ISL","Automated teller machines (ATMs) (per 100,000 adults)","FB.ATM.TOTL.P5","","","","","","","","","","","","","","","","","","","","","","","","","","","","","","","","","","","","","","","","","","","","","106.640135395817","","","107.176102888474","101.676492450101","81.962342295471","81.5085974494606","75.98731062103","73.6671339159009","",
"Israel","ISR","Automated teller machines (ATMs) (per 100,000 adults)","FB.ATM.TOTL.P5","","","","","","","","","","","","","","","","","","","","","","","","","","","","","","","","","","","","","","","","","","","","","68.8448445224779","58.1426717178463","76.9379546632718","81.5046508620414","87.3344602721941","101.064275570055","107.155603084981","111.101038226183","116.401539546962","",
"Italy","ITA","Automated teller machines (ATMs) (per 100,000 adults)","FB.ATM.TOTL.P5","","","","","","","","","","","","","","","","","","","","","","","","","","","","","","","","","","","","","","","","","","","","","73.589274786128","74.5579665848707","78.8312732974406","85.9127052061062","97.4624139225761","104.931789971007","97.9755732333714","99.3359340194148","97.1114260092549","",
"Jamaica","JAM","Automated teller machines (ATMs) (per 100,000 adults)","FB.ATM.TOTL.P5","","","","","","","","","","","","","","","","","","","","","","","","","","","","","","","","","","","","","","","","","","","","","18.3061568098828","20.2129353335611","22.5639437905054","22.7690473808067","24.1393692384953","24.9631097825796","25.8245516594379","26.7462760522552","26.652382307947","",
"Jordan","JOR","Automated teller machines (ATMs) (per 100,000 adults)","FB.ATM.TOTL.P5","","","","","","","","","","","","","","","","","","","","","","","","","","","","","","","","","","","","","","","","","","","","","","","","22.4675232221212","25.0531639607261","26.4409192568089","28.5114932970456","29.6065490473052","30.3705114405872","",
"Japan","JPN","Automated teller machines (ATMs) (per 100,000 adults)","FB.ATM.TOTL.P5","","","","","","","","","","","","","","","","","","","","","","","","","","","","","","","","","","","","","","","","","","","","","124.310787775598","123.874445942529","124.231081000933","125.381466617773","125.804928600816","133.311717392686","131.569328485332","128.559110018239","127.780516149318","",
"Kazakhstan","KAZ","Automated teller machines (ATMs) (per 100,000 adults)","FB.ATM.TOTL.P5","","","","","","","","","","","","","","","","","","","","","","","","","","","","","","","","","","","","","","","","","","","","","9.9500011319682","14.7537364274962","19.4928196177129","37.0606746876384","52.3560617378381","57.0404613644998","61.6989983947562","65.141131509317","69.4945832082134","",
"Kenya","KEN","Automated teller machines (ATMs) (per 100,000 adults)","FB.ATM.TOTL.P5","","","","","","","","","","","","","","","","","","","","","","","","","","","","","","","","","","","","","","","","","","","","","1.6159412254991","1.5837612594148","2.94184625287877","4.69739702012036","5.99122742096019","7.29016916947321","8.96952356644729","9.20655126060402","9.94140523877469","",
"Kyrgyz Republic","KGZ","Automated teller machines (ATMs) (per 100,000 adults)","FB.ATM.TOTL.P5","","","","","","","","","","","","","","","","","","","","","","","","","","","","","","","","","","","","","","","","","","","","","0.603965998011108","0.958214028572814","1.19095582969772","2.37598795317202","4.69355097533687","8.37838400458612","7.34710550972328","11.922683588224","15.8105151930797","",
"Cambodia","KHM","Automated teller machines (ATMs) (per 100,000 adults)","FB.ATM.TOTL.P5","","","","","","","","","","","","","","","","","","","","","","","","","","","","","","","","","","","","","","","","","","","","","","0.0117106275135639","0.727517354984224","1.30307435002081","3.63019401807763","4.24799945698697","5.11658978248484","5.87260938267631","6.66209096091854","",
"Kiribati","KIR","Automated teller machines (ATMs) (per 100,000 adults)","FB.ATM.TOTL.P5","","","","","","","","","","","","","","","","","","","","","","","","","","","","","","","","","","","","","","","","","","","","","","","","","","","","10.5201461904157","10.2687476213807","",
"St. Kitts and Nevis","KNA","Automated teller machines (ATMs) (per 100,000 adults)","FB.ATM.TOTL.P5","","","","","","","","","","","","","","","","","","","","","","","","","","","","","","","","","","","","","","","","","","","","","","","","65.2967548486426","69.6986863953019","76.6919370207981","72.6668194104988","81.9966223619604","","",
"Korea, Rep.","KOR","Automated teller machines (ATMs) (per 100,000 adults)","FB.ATM.TOTL.P5","","","","","","","","","","","","","","","","","","","","","","","","","","","","","","","","","","","","","","","","","","","","","209.158853335065","213.053246716406","219.197643081181","235.199948411406","242.791668639592","248.147781637046","266.595336330933","282.493665957322","","",
"Kosovo","KSV","Automated teller machines (ATMs) (per 100,000 adults)","FB.ATM.TOTL.P5","","","","","","","","","","","","","","","","","","","","","","","","","","","","","","","","","","","","","","","","","","","","","","7.33718510759372","8.24208934385452","10.8856045434091","16.6692988000065","23.2945898792606","28.4728663154372","30.9441858614233","32.1505546517492","",
"Kuwait","KWT","Automated teller machines (ATMs) (per 100,000 adults)","FB.ATM.TOTL.P5","","","","","","","","","","","","","","","","","","","","","","","","","","","","","","","","","","","","","","","","","","","","","29.61341635791","34.4446341845801","40.2979228252507","48.2414977744504","54.2756697080699","57.2852853213248","57.4289478787432","59.986425014433","69.1927422622055","",
"Latin America & Caribbean (developing only)","LAC","Automated teller machines (ATMs) (per 100,000 adults)","FB.ATM.TOTL.P5","","","","","","","","","","","","","","","","","","","","","","","","","","","","","","","","","","","","","","","","","","","","","18.7973085742501","22.39571465528","24.0051560238887","25.5151502955567","26.7845761576996","27.1573225883755","28.6652696206524","30.113134970156","33.1687350156","",
"Lao PDR","LAO","Automated teller machines (ATMs) (per 100,000 adults)","FB.ATM.TOTL.P5","","","","","","","","","","","","","","","","","","","","","","","","","","","","","","","","","","","","","","","","","","","","","","","","","2.58241508629271","4.73628551205353","8.52000810631985","10.5965811073187","12.9220751512326","",
"Lebanon","LBN","Automated teller machines (ATMs) (per 100,000 adults)","FB.ATM.TOTL.P5","","","","","","","","","","","","","","","","","","","","","","","","","","","","","","","","","","","","","","","","","","","","","31.8638698051772","32.7389183030005","33.9418118268839","35.256311066133","36.6683990485401","37.7614790416776","38.7981689901073","39.1193498268907","41.3271694486126","",
"Liberia","LBR","Automated teller machines (ATMs) (per 100,000 adults)","FB.ATM.TOTL.P5","","","","","","","","","","","","","","","","","","","","","","","","","","","","","","","","","","","","","","","","","","","","","","","","","1.15527639151148","1.52616681792867","1.47170772775486","1.42475789970633","1.34108708082654","",
"Libya","LBY","Automated teller machines (ATMs) (per 100,000 adults)","FB.ATM.TOTL.P5","","","","","","","","","","","","","","","","","","","","","","","","","","","","","","","","","","","","","","","","","","","","","3.63278257500331","3.5556480392633","3.55615275807604","3.5315173387992","3.58344571511855","3.664835945407","3.58990941472269","3.59832646880419","3.96149882982862","",
"St. Lucia","LCA","Automated teller machines (ATMs) (per 100,000 adults)","FB.ATM.TOTL.P5","","","","","","","","","","","","","","","","","","","","","","","","","","","","","","","","","","","","","","","","","","","","","30.2509096691194","29.5772983686534","30.5371230799827","33.0272269623521","32.2481697226989","30.0002308872093","44.4957277491011","45.9643993619444","","",
"Latin America & Caribbean (all income levels)","LCN","Automated teller machines (ATMs) (per 100,000 adults)","FB.ATM.TOTL.P5","","","","","","","","","","","","","","","","","","","","","","","","","","","","","","","","","","","","","","","","","","","","","20.7063195021706","22.9007241024629","24.1161336580997","25.5768458439861","27.050554088977","28.926108624021","33.9062055765911","32.2979704579865","35.6055847624634","",
"Latin America and the Caribbean","LCR","Automated teller machines (ATMs) (per 100,000 adults)","FB.ATM.TOTL.P5","","","","","","","","","","","","","","","","","","","","","","","","","","","","","","","","","","","","","","","","","","","","","","","","","","","","","","",
"Least developed countries: UN classification","LDC","Automated teller machines (ATMs) (per 100,000 adults)","FB.ATM.TOTL.P5","","","","","","","","","","","","","","","","","","","","","","","","","","","","","","","","","","","","","","","","","","","","","","0.228238510111432","0.627629650988014","","1.49385516975936","1.73309381672895","2.07639037243277","2.98024132599357","3.8327706742343","",
"Low income","LIC","Automated teller machines (ATMs) (per 100,000 adults)","FB.ATM.TOTL.P5","","","","","","","","","","","","","","","","","","","","","","","","","","","","","","","","","","","","","","","","","","","","","","","0.627629650988014","1.00127582571804","1.15527639151148","1.30051301742327","1.4617203549057","2.12549548240775","3.36580979416043","",
"Liechtenstein","LIE","Automated teller machines (ATMs) (per 100,000 adults)","FB.ATM.TOTL.P5","","","","","","","","","","","","","","","","","","","","","","","","","","","","","","","","","","","","","","","","","","","","","","","","","","","","","","",
"Sri Lanka","LKA","Automated teller machines (ATMs) (per 100,000 adults)","FB.ATM.TOTL.P5","","","","","","","","","","","","","","","","","","","","","","","","","","","","","","","","","","","","","","","","","","","","","","","","9.09729693706769","10.8902375072881","12.2166794152492","13.019253590792","14.4310266793791","15.4071306059684","",
"Lower middle income","LMC","Automated teller machines (ATMs) (per 100,000 adults)","FB.ATM.TOTL.P5","","","","","","","","","","","","","","","","","","","","","","","","","","","","","","","","","","","","","","","","","","","","","2.66106894561052","3.57501750280231","4.18407852271608","7.34408879052027","8.5672555366671","11.7929931556373","11.1386655721895","13.1768551338015","15.6088228995241","",
"Low & middle income","LMY","Automated teller machines (ATMs) (per 100,000 adults)","FB.ATM.TOTL.P5","","","","","","","","","","","","","","","","","","","","","","","","","","","","","","","","","","","","","","","","","","","","","3.10129086354475","4.97957279984574","7.8699281186793","11.4468694667624","12.6752643653416","14.3515320914149","13.6941281768648","16.1184757499037","19.2047932924561","",
"Lesotho","LSO","Automated teller machines (ATMs) (per 100,000 adults)","FB.ATM.TOTL.P5","","","","","","","","","","","","","","","","","","","","","","","","","","","","","","","","","","","","","","","","","","","","","2.87873461898116","3.78787555058207","3.90574259880184","4.93794094240812","5.7709970913202","6.6544018919759","7.34376736837532","8.08094117229646","9.17088286591569","",
"Lithuania","LTU","Automated teller machines (ATMs) (per 100,000 adults)","FB.ATM.TOTL.P5","","","","","","","","","","","","","","","","","","","","","","","","","","","","","","","","","","","","","","","","","","","","","35.650758179086","37.1603424233968","40.3093087685365","46.9197637379788","51.7720114627998","54.4151590408727","56.1453111753531","47.7859369761645","48.4450533482495","",
"Luxembourg","LUX","Automated teller machines (ATMs) (per 100,000 adults)","FB.ATM.TOTL.P5","","","","","","","","","","","","","","","","","","","","","","","","","","","","","","","","","","","","","","","","","","","","","106.68332161951","106.99185103713","105.578308733635","105.979167582557","107.315473732466","107.047467429821","105.627365261879","106.20440420156","100.986053301079","",
"Latvia","LVA","Automated teller machines (ATMs) (per 100,000 adults)","FB.ATM.TOTL.P5","","","","","","","","","","","","","","","","","","","","","","","","","","","","","","","","","","","","","","","","","","","","","44.46917041115","44.5460685782519","48.4174161855108","58.487786414208","65.1792997784868","67.8776416927826","70.5566497774374","63.2364224950408","66.5370808357099","",
"Macao SAR, China","MAC","Automated teller machines (ATMs) (per 100,000 adults)","FB.ATM.TOTL.P5","","","","","","","","","","","","","","","","","","","","","","","","","","","","","","","","","","","","","","","","","","","","","54.3099921607081","54.5461338248297","65.0967333264661","86.7624313744748","112.904601000362","129.966730945587","138.239384887662","152.13414949608","178.762786246411","",
"St. Martin (French part)","MAF","Automated teller machines (ATMs) (per 100,000 adults)","FB.ATM.TOTL.P5","","","","","","","","","","","","","","","","","","","","","","","","","","","","","","","","","","","","","","","","","","","","","","","","","","","","","","",
"Morocco","MAR","Automated teller machines (ATMs) (per 100,000 adults)","FB.ATM.TOTL.P5","","","","","","","","","","","","","","","","","","","","","","","","","","","","","","","","","","","","","","","","","","","","","8.30511305041083","14.7890888528742","12.7989469990967","14.2386545445081","16.2780278738429","18.2963118712861","19.7589830118829","21.5126108235753","23.4480606827027","",
"Mexico and Central America","MCA","Automated teller machines (ATMs) (per 100,000 adults)","FB.ATM.TOTL.P5","","","","","","","","","","","","","","","","","","","","","","","","","","","","","","","","","","","","","","","","","","","","","","","","","","","","","","",
"Monaco","MCO","Automated teller machines (ATMs) (per 100,000 adults)","FB.ATM.TOTL.P5","","","","","","","","","","","","","","","","","","","","","","","","","","","","","","","","","","","","","","","","","","","","","","","","","","","","","","",
"Moldova","MDA","Automated teller machines (ATMs) (per 100,000 adults)","FB.ATM.TOTL.P5","","","","","","","","","","","","","","","","","","","","","","","","","","","","","","","","","","","","","","","","","","","","","7.7893401717035","10.6415323383272","12.7578905579491","15.4817843034036","19.6577249871277","23.3523440907205","25.8066575316268","28.6535323441971","31.1114734266018","",
"Madagascar","MDG","Automated teller machines (ATMs) (per 100,000 adults)","FB.ATM.TOTL.P5","","","","","","","","","","","","","","","","","","","","","","","","","","","","","","","","","","","","","","","","","","","","","0.327734309757711","0.634080038289043","0.795493005246927","1.00127582571804","1.22848612786892","1.33534845329236","1.39992784847252","1.56373855557146","1.71485808401091","",
"Maldives","MDV","Automated teller machines (ATMs) (per 100,000 adults)","FB.ATM.TOTL.P5","","","","","","","","","","","","","","","","","","","","","","","","","","","","","","","","","","","","","","","","","","","","","7.96398174287652","8.18736787725419","7.90908521953633","19.6190088677159","19.0277292893949","19.835187847013","19.730957539936","20.068060683856","24.1459411467389","",
"Middle East & North Africa (all income levels)","MEA","Automated teller machines (ATMs) (per 100,000 adults)","FB.ATM.TOTL.P5","","","","","","","","","","","","","","","","","","","","","","","","","","","","","","","","","","","","","","","","","","","","","8.39021153631273","9.76058806956003","9.688053432985","14.1713339362536","16.2780278738429","18.2963118712861","20.6698129822868","25.6537974026582","30.3705114405872","",
"Mexico","MEX","Automated teller machines (ATMs) (per 100,000 adults)","FB.ATM.TOTL.P5","","","","","","","","","","","","","","","","","","","","","","","","","","","","","","","","","","","","","","","","","","","","","27.7193532198734","30.5363000331512","33.6273105937589","37.6872425118826","40.2521796046275","41.7947073350318","44.0523402959175","43.7641857233612","47.3345656262306","",
"Marshall Islands","MHL","Automated teller machines (ATMs) (per 100,000 adults)","FB.ATM.TOTL.P5","","","","","","","","","","","","","","","","","","","","","","","","","","","","","","","","","","","","","","","","","","","","","","","","2.90323458405488","2.87967068753734","2.85683839023101","2.83506631592915","5.62981806566791","","",
"Middle income","MIC","Automated teller machines (ATMs) (per 100,000 adults)","FB.ATM.TOTL.P5","","","","","","","","","","","","","","","","","","","","","","","","","","","","","","","","","","","","","","","","","","","","","8.30511305041083","9.68540839038051","12.425244923217","15.4817843034036","19.6577249871277","22.5566045002979","25.0027358871603","27.9521215135372","30.3705114405872","",
"Macedonia, FYR","MKD","Automated teller machines (ATMs) (per 100,000 adults)","FB.ATM.TOTL.P5","","","","","","","","","","","","","","","","","","","","","","","","","","","","","","","","","","","","","","","","","","","","","","9.610228711201","18.0271520989822","31.845976190866","45.4540074647928","49.3342093435938","51.1909102851316","51.3041863864693","49.8985922388948","",
"Mali","MLI","Automated teller machines (ATMs) (per 100,000 adults)","FB.ATM.TOTL.P5","","","","","","","","","","","","","","","","","","","","","","","","","","","","","","","","","","","","","","","","","","","","","","","","","","","2.64712147086381","3.13903537540494","3.36580979416043","",
"Malta","MLT","Automated teller machines (ATMs) (per 100,000 adults)","FB.ATM.TOTL.P5","","","","","","","","","","","","","","","","","","","","","","","","","","","","","","","","","","","","","","","","","","","","","45.1972887459434","44.8874482742771","41.1018552697628","46.51568592922","47.1943295827924","48.8283695891463","52.4215051238595","55.5429492339648","60.7258810792792","",
"Myanmar","MMR","Automated teller machines (ATMs) (per 100,000 adults)","FB.ATM.TOTL.P5","","","","","","","","","","","","","","","","","","","","","","","","","","","","","","","","","","","","","","","","","","","","","0","0","0","0","0","0","0","0","0.0912652333638423","",
"Middle East & North Africa (developing only)","MNA","Automated teller machines (ATMs) (per 100,000 adults)","FB.ATM.TOTL.P5","","","","","","","","","","","","","","","","","","","","","","","","","","","","","","","","","","","","","","","","","","","","","3.14692576030691","3.5556480392633","5.92700181825789","9.64023441736043","8.67920909575627","10.7057060121967","11.389464024666","15.3267579649471","19.9485423300453","",
"Montenegro","MNE","Automated teller machines (ATMs) (per 100,000 adults)","FB.ATM.TOTL.P5","","","","","","","","","","","","","","","","","","","","","","","","","","","","","","","","","","","","","","","","","","","","","","14.2318946035398","25.9337678963736","39.995879658711","52.9790117386887","60.0604217422595","64.2798355187615","66.2513315001963","69.5825055465791","",
"Mongolia","MNG","Automated teller machines (ATMs) (per 100,000 adults)","FB.ATM.TOTL.P5","","","","","","","","","","","","","","","","","","","","","","","","","","","","","","","","","","","","","","","","","","","","","","","","","9.82175562487874","14.8941541605123","18.3942473620294","31.2546482112809","45.1072604311073","",
"Northern Mariana Islands","MNP","Automated teller machines (ATMs) (per 100,000 adults)","FB.ATM.TOTL.P5","","","","","","","","","","","","","","","","","","","","","","","","","","","","","","","","","","","","","","","","","","","","","","","","","","","","","","",
"Mozambique","MOZ","Automated teller machines (ATMs) (per 100,000 adults)","FB.ATM.TOTL.P5","","","","","","","","","","","","","","","","","","","","","","","","","","","","","","","","","","","","","","","","","","","","","1.8452820807949","2.1463178768966","3.17252494947547","3.54038009484519","4.12080002978609","4.59250089243661","5.59561880361454","6.35299189104199","6.90153688167753","",
"Mauritania","MRT","Automated teller machines (ATMs) (per 100,000 adults)","FB.ATM.TOTL.P5","","","","","","","","","","","","","","","","","","","","","","","","","","","","","","","","","","","","","","","","","","","","","","","","","","","","","","",
"Mauritius","MUS","Automated teller machines (ATMs) (per 100,000 adults)","FB.ATM.TOTL.P5","","","","","","","","","","","","","","","","","","","","","","","","","","","","","","","","","","","","","","","","","","","","","30.706252886244","33.4749274173658","34.3550131318606","38.2453016094337","37.2864704132732","38.6319090490018","39.8806136859889","42.3387441732698","43.6247340663831","",
"Malawi","MWI","Automated teller machines (ATMs) (per 100,000 adults)","FB.ATM.TOTL.P5","","","","","","","","","","","","","","","","","","","","","","","","","","","","","","","","","","","","","","","","","","","","","0.743639774785332","1.46069536330458","1.40432700301919","1.48464468775062","1.72921071729154","2.59593134536936","2.94826914922491","3.79194558570738","4.42793645925957","",
"Malaysia","MYS","Automated teller machines (ATMs) (per 100,000 adults)","FB.ATM.TOTL.P5","","","","","","","","","","","","","","","","","","","","","","","","","","","","","","","","","","","","","","","","","","","","","26.8353488511313","27.1351948747925","27.9617687788919","38.3695651402437","41.0988801051581","51.4997277837138","53.2078127723836","53.3050637084557","52.9405162309406","",
"North America","NAC","Automated teller machines (ATMs) (per 100,000 adults)","FB.ATM.TOTL.P5","","","","","","","","","","","","","","","","","","","","","","","","","","","","","","","","","","","","","","","","","","","","","174.760163102247","183.212140171019","186.297611585562","192.249561948011","192.206972436709","194.408242801015","217.267197132201","206.506085410191","204.773651807757","",
"Namibia","NAM","Automated teller machines (ATMs) (per 100,000 adults)","FB.ATM.TOTL.P5","","","","","","","","","","","","","","","","","","","","","","","","","","","","","","","","","","","","","","","","","","","","","","","","","27.3516853175975","30.4953294349047","30.7819884556157","49.7150163510037","47.7403922767159","",
"New Caledonia","NCL","Automated teller machines (ATMs) (per 100,000 adults)","FB.ATM.TOTL.P5","","","","","","","","","","","","","","","","","","","","","","","","","","","","","","","","","","","","","","","","","","","","","","","","","","","","","","",
"Niger","NER","Automated teller machines (ATMs) (per 100,000 adults)","FB.ATM.TOTL.P5","","","","","","","","","","","","","","","","","","","","","","","","","","","","","","","","","","","","","","","","","","","","","","","","","","","","","","",
"Nigeria","NGA","Automated teller machines (ATMs) (per 100,000 adults)","FB.ATM.TOTL.P5","","","","","","","","","","","","","","","","","","","","","","","","","","","","","","","","","","","","","","","","","","","","","","0.675297877271338","1.76531680604878","4.43780733393199","8.5672555366671","11.3693068960254","11.1386655721895","11.8428503854141","11.3908187302615","",
"Nicaragua","NIC","Automated teller machines (ATMs) (per 100,000 adults)","FB.ATM.TOTL.P5","","","","","","","","","","","","","","","","","","","","","","","","","","","","","","","","","","","","","","","","","","","","","3.39305269291942","4.7070135686327","5.92946730070727","7.00835749333445","8.00690029145117","8.44378664656906","8.56757975098659","9.73831417889873","11.9023839964318","",
"Netherlands","NLD","Automated teller machines (ATMs) (per 100,000 adults)","FB.ATM.TOTL.P5","","","","","","","","","","","","","","","","","","","","","","","","","","","","","","","","","","","","","","","","","","","","","59.4774669749115","55.9438921895145","60.7584425191544","63.7081461430806","64.0963940045657","62.516896564672","57.7720955010185","55.8631834086873","55.0701034487057","",
"High income: nonOECD","NOC","Automated teller machines (ATMs) (per 100,000 adults)","FB.ATM.TOTL.P5","","","","","","","","","","","","","","","","","","","","","","","","","","","","","","","","","","","","","","","","","","","","","29.61341635791","44.5460685782519","42.274773047989","49.681442247266","51.7720114627998","54.3592535991398","57.4289478787432","58.6305393087181","61.7895184020481","",
"Norway","NOR","Automated teller machines (ATMs) (per 100,000 adults)","FB.ATM.TOTL.P5","","","","","","","","","","","","","","","","","","","","","","","","","","","","","","","","","","","","","","","","","","","","","59.1771617099212","58.7820897684158","59.9509094102885","59.7781815479354","59.1877020672933","57.5589734714409","55.2403546267358","54.4865724110226","52.8221401584381","",
"Nepal","NPL","Automated teller machines (ATMs) (per 100,000 adults)","FB.ATM.TOTL.P5","","","","","","","","","","","","","","","","","","","","","","","","","","","","","","","","","","","","","","","","","","","","","","","","","","","","7.38569268439522","7.50271720040631","",
"New Zealand","NZL","Automated teller machines (ATMs) (per 100,000 adults)","FB.ATM.TOTL.P5","","","","","","","","","","","","","","","","","","","","","","","","","","","","","","","","","","","","","","","","","","","","","59.0345195404635","62.2508204242908","69.440118500745","69.5328355982174","71.5792371359815","72.2949397468704","71.9289013214496","75.8903877616621","74.8355626875894","",
"High income: OECD","OEC","Automated teller machines (ATMs) (per 100,000 adults)","FB.ATM.TOTL.P5","","","","","","","","","","","","","","","","","","","","","","","","","","","","","","","","","","","","","","","","","","","","","82.555054902381","85.1523251644863","85.6151368618957","93.1956903165202","97.1938000243022","96.4501039632975","94.2910545920651","96.0082354657469","84.7141645403239","",
"OECD members","OED","Automated teller machines (ATMs) (per 100,000 adults)","FB.ATM.TOTL.P5","","","","","","","","","","","","","","","","","","","","","","","","","","","","","","","","","","","","","","","","","","","","","73.589274786128","74.5579665848707","80.472748678835","87.1567470535311","91.8007394262574","93.2749054404964","91.6440973532921","90.4308466166067","74.8355626875894","",
"Oman","OMN","Automated teller machines (ATMs) (per 100,000 adults)","FB.ATM.TOTL.P5","","","","","","","","","","","","","","","","","","","","","","","","","","","","","","","","","","","","","","","","","","","","","","","","","","","","","","",
"Other small states","OSS","Automated teller machines (ATMs) (per 100,000 adults)","FB.ATM.TOTL.P5","","","","","","","","","","","","","","","","","","","","","","","","","","","","","","","","","","","","","","","","","","","","","7.52238946967815","12.6672152660802","15.503258820219","16.6107131169694","20.4046749222838","20.5808629035471","16.5276767392708","17.6298308216331","19.413576083414","",
"Pakistan","PAK","Automated teller machines (ATMs) (per 100,000 adults)","FB.ATM.TOTL.P5","","","","","","","","","","","","","","","","","","","","","","","","","","","","","","","","","","","","","","","","","","","","","0.725565057607667","1.1399667571444","1.83486962798127","2.67720030761201","3.35900873946562","3.87719520691106","4.26579131369197","4.70857811472228","5.42055193992462","",
"Panama","PAN","Automated teller machines (ATMs) (per 100,000 adults)","FB.ATM.TOTL.P5","","","","","","","","","","","","","","","","","","","","","","","","","","","","","","","","","","","","","","","","","","","","","","","","33.7183146183793","35.7473829253123","39.608454142818","41.0654934583389","46.4954014452473","53.5187574441496","",
"Peru","PER","Automated teller machines (ATMs) (per 100,000 adults)","FB.ATM.TOTL.P5","","","","","","","","","","","","","","","","","","","","","","","","","","","","","","","","","","","","","","","","","","","","","10.6812120524334","11.4226892502582","13.6505937810918","16.4452478081999","20.1482471010853","22.0772978991725","25.0027358871603","28.887631866295","35.6055847624634","",
"Philippines","PHL","Automated teller machines (ATMs) (per 100,000 adults)","FB.ATM.TOTL.P5","","","","","","","","","","","","","","","","","","","","","","","","","","","","","","","","","","","","","","","","","","","","","10.3698162586453","11.5028955629031","12.425244923217","12.6566712953463","13.3902532510415","14.3062677426235","15.4942946303627","17.227500647885","19.3095347473335","",
"Palau","PLW","Automated teller machines (ATMs) (per 100,000 adults)","FB.ATM.TOTL.P5","","","","","","","","","","","","","","","","","","","","","","","","","","","","","","","","","","","","","","","","","","","","","","","","37.6289103187348","37.1881538141161","36.7503387197899","43.5672272041623","43.0268804266579","49.5571725286608","",
"Papua New Guinea","PNG","Automated teller machines (ATMs) (per 100,000 adults)","FB.ATM.TOTL.P5","","","","","","","","","","","","","","","","","","","","","","","","","","","","","","","","","","","","","","","","","","","","","","","3.80713795384809","4.22727006012534","4.87444440874768","5.23696787919274","5.76592819720719","7.19080916849113","8.44745543094589","",
"Poland","POL","Automated teller machines (ATMs) (per 100,000 adults)","FB.ATM.TOTL.P5","","","","","","","","","","","","","","","","","","","","","","","","","","","","","","","","","","","","","","","","","","","","","25.3816450769695","27.5088750118272","31.0158063577584","35.892191606523","43.0082453844008","48.5443785519301","50.7293274102514","53.3842278195583","56.9185746653306","",
"Puerto Rico","PRI","Automated teller machines (ATMs) (per 100,000 adults)","FB.ATM.TOTL.P5","","","","","","","","","","","","","","","","","","","","","","","","","","","","","","","","","","","","","","","","","","","","","","","","","","","","","","",
"Korea, Dem. Rep.","PRK","Automated teller machines (ATMs) (per 100,000 adults)","FB.ATM.TOTL.P5","","","","","","","","","","","","","","","","","","","","","","","","","","","","","","","","","","","","","","","","","","","","","","","","","","","","","","",
"Portugal","PRT","Automated teller machines (ATMs) (per 100,000 adults)","FB.ATM.TOTL.P5","","","","","","","","","","","","","","","","","","","","","","","","","","","","","","","","","","","","","","","","","","","","","142.597127300921","154.032371973321","162.301685688964","175.852479515673","186.078441516931","191.026557376466","193.865556588402","191.73922948843","185.361586756501","",
"Paraguay","PRY","Automated teller machines (ATMs) (per 100,000 adults)","FB.ATM.TOTL.P5","","","","","","","","","","","","","","","","","","","","","","","","","","","","","","","","","","","","","","","","","","","","","","","","","","12.5486618265191","18.3084013149736","18.3870041024931","19.7751770893149","",
"Pacific island small states","PSS","Automated teller machines (ATMs) (per 100,000 adults)","FB.ATM.TOTL.P5","","","","","","","","","","","","","","","","","","","","","","","","","","","","","","","","","","","","","","","","","","","","","","","","","","","","","","",
"French Polynesia","PYF","Automated teller machines (ATMs) (per 100,000 adults)","FB.ATM.TOTL.P5","","","","","","","","","","","","","","","","","","","","","","","","","","","","","","","","","","","","","","","","","","","","","","","","","","","","","","",
"Qatar","QAT","Automated teller machines (ATMs) (per 100,000 adults)","FB.ATM.TOTL.P5","","","","","","","","","","","","","","","","","","","","","","","","","","","","","","","","","","","","","","","","","","","","","55.9859041621026","58.2824099491209","56.4922254269188","53.9276984859421","47.4288895019462","49.2533401567304","52.5346128650432","51.8204810282402","59.6684545340826","",
"Romania","ROU","Automated teller machines (ATMs) (per 100,000 adults)","FB.ATM.TOTL.P5","","","","","","","","","","","","","","","","","","","","","","","","","","","","","","","","","","","","","","","","","","","","","18.0590159595759","23.8157046594817","32.9602510616125","40.7005227997679","50.5516560172043","53.1341671286806","55.4466619383992","60.5693588851632","60.6439422088154","",
"Russian Federation","RUS","Automated teller machines (ATMs) (per 100,000 adults)","FB.ATM.TOTL.P5","","","","","","","","","","","","","","","","","","","","","","","","","","","","","","","","","","","","","","","","","","","","","16.2579018581997","22.8768689068512","32.5456885610497","45.2291303652626","65.5541465948978","76.5026729728456","129.293789689933","151.838826201972","182.002471360734","",
"Rwanda","RWA","Automated teller machines (ATMs) (per 100,000 adults)","FB.ATM.TOTL.P5","","","","","","","","","","","","","","","","","","","","","","","","","","","","","","","","","","","","","","","","","","","","","0.0389893122324517","0.228238510111432","0.222747288904442","0.290115646804343","0.389307085058353","0.809248271330374","1.40146171271576","2.68725240924403","4.51542682529351","",
"South Asia","SAS","Automated teller machines (ATMs) (per 100,000 adults)","FB.ATM.TOTL.P5","","","","","","","","","","","","","","","","","","","","","","","","","","","","","","","","","","","","","","","","","","","","","0.127363981614141","0.669548013806823","1.0922221700571","2.67720030761201","3.35900873946562","3.87719520691106","4.26579131369197","6.04713539955875","6.46163457016547","",
"Saudi Arabia","SAU","Automated teller machines (ATMs) (per 100,000 adults)","FB.ATM.TOTL.P5","","","","","","","","","","","","","","","","","","","","","","","","","","","","","","","","","","","","","","","","","","","","","26.5190630259371","28.2818935396544","36.0452290707508","43.2949600272574","49.6286178513777","54.0875217831999","57.642270921381","60.6958142827627","63.9105822700137","",
"Southern Cone Extended","SCE","Automated teller machines (ATMs) (per 100,000 adults)","FB.ATM.TOTL.P5","","","","","","","","","","","","","","","","","","","","","","","","","","","","","","","","","","","","","","","","","","","","","","","","","","","","","","",
"Sudan","SDN","Automated teller machines (ATMs) (per 100,000 adults)","FB.ATM.TOTL.P5","","","","","","","","","","","","","","","","","","","","","","","","","","","","","","","","","","","","","","","","","","","","","0","0","0.471336755595048","1.05285899642803","1.49385516975936","1.94002081552924","3.29629301903897","3.51197559060572","3.90030242997764","",
"Senegal","SEN","Automated teller machines (ATMs) (per 100,000 adults)","FB.ATM.TOTL.P5","","","","","","","","","","","","","","","","","","","","","","","","","","","","","","","","","","","","","","","","","","","","","","","","","","","","","","",
"Singapore","SGP","Automated teller machines (ATMs) (per 100,000 adults)","FB.ATM.TOTL.P5","","","","","","","","","","","","","","","","","","","","","","","","","","","","","","","","","","","","","","","","","","","","","47.9678027563795","49.4067768915905","50.0298024371208","51.1213867200816","50.7219680944874","52.393938846882","58.2658436102562","58.6305393087181","58.12259476726","",
"Solomon Islands","SLB","Automated teller machines (ATMs) (per 100,000 adults)","FB.ATM.TOTL.P5","","","","","","","","","","","","","","","","","","","","","","","","","","","","","","","","","","","","","","","","","","","","","1.48186342224008","1.43661648086427","4.17883178958128","5.40307278702838","6.55060304690883","6.99070048122513","10.7932748646215","10.7773910326373","11.3761349788949","",
"Sierra Leone","SLE","Automated teller machines (ATMs) (per 100,000 adults)","FB.ATM.TOTL.P5","","","","","","","","","","","","","","","","","","","","","","","","","","","","","","","","","","","","","","","","","","","","","","","","","0.313115131218856","0.428518781978214","0.418581802993278","0.408499660779354","0.408499660779354","",
"El Salvador","SLV","Automated teller machines (ATMs) (per 100,000 adults)","FB.ATM.TOTL.P5","","","","","","","","","","","","","","","","","","","","","","","","","","","","","","","","","","","","","","","","","","","","","20.7063195021706","22.961578282095","24.1737942878345","25.5768458439861","28.0409238429226","29.2751746691017","29.2921328251129","30.6868164429197","27.5119028995934","",
"San Marino","SMR","Automated teller machines (ATMs) (per 100,000 adults)","FB.ATM.TOTL.P5","","","","","","","","","","","","","","","","","","","","","","","","","","","","","","","","","","","","","","","","","","","","","","","","","","","","","","",
"Somalia","SOM","Automated teller machines (ATMs) (per 100,000 adults)","FB.ATM.TOTL.P5","","","","","","","","","","","","","","","","","","","","","","","","","","","","","","","","","","","","","","","","","","","","","","","","","","","","","","",
"Serbia","SRB","Automated teller machines (ATMs) (per 100,000 adults)","FB.ATM.TOTL.P5","","","","","","","","","","","","","","","","","","","","","","","","","","","","","","","","","","","","","","","","","","","","","","13.7412476936627","22.1328574605667","34.0782508539552","41.0341225177096","44.8605852354012","47.1345392984232","46.7797719152648","45.9782738203537","",
"Sub-Saharan Africa (developing only)","SSA","Automated teller machines (ATMs) (per 100,000 adults)","FB.ATM.TOTL.P5","","","","","","","","","","","","","","","","","","","","","","","","","","","","","","","","","","","","","","","","","","","","","0.677439395726011","1.37462820822994","1.76885991048161","2.47538125620626","3.17942834783313","3.31257832175904","3.55448756397171","3.92902950006933","4.51542682529351","",
"South Sudan","SSD","Automated teller machines (ATMs) (per 100,000 adults)","FB.ATM.TOTL.P5","","","","","","","","","","","","","","","","","","","","","","","","","","","","","","","","","","","","","","","","","","","","","","","","","","","","","","",
"Sub-Saharan Africa (all income levels)","SSF","Automated teller machines (ATMs) (per 100,000 adults)","FB.ATM.TOTL.P5","","","","","","","","","","","","","","","","","","","","","","","","","","","","","","","","","","","","","","","","","","","","","0.677439395726011","1.37462820822994","1.76885991048161","2.47538125620626","3.17942834783313","3.31257832175904","3.55448756397171","3.92902950006933","4.51542682529351","",
"Small states","SST","Automated teller machines (ATMs) (per 100,000 adults)","FB.ATM.TOTL.P5","","","","","","","","","","","","","","","","","","","","","","","","","","","","","","","","","","","","","","","","","","","","","11.0407393153209","14.1563980838294","17.0502240423835","19.6898802488881","24.1393692384953","24.9631097825796","24.7562419996565","25.5459815006179","26.6218638016357","",
"Sao Tome and Principe","STP","Automated teller machines (ATMs) (per 100,000 adults)","FB.ATM.TOTL.P5","","","","","","","","","","","","","","","","","","","","","","","","","","","","","","","","","","","","","","","","","","","","","0","0","0","0","0","0","0","17.7575076238396","20.0284044925325","",
"Suriname","SUR","Automated teller machines (ATMs) (per 100,000 adults)","FB.ATM.TOTL.P5","","","","","","","","","","","","","","","","","","","","","","","","","","","","","","","","","","","","","","","","","","","","","17.0891154099379","19.413262536075","24.4968986642789","28.3425444938383","28.2495945148321","34.3722601523136","35.5019793876833","36.8350288426657","41.7340636060168","",
"Slovak Republic","SVK","Automated teller machines (ATMs) (per 100,000 adults)","FB.ATM.TOTL.P5","","","","","","","","","","","","","","","","","","","","","","","","","","","","","","","","","","","","","","","","","","","","","38.1829701371983","41.3484642310377","44.2121609186234","47.7198478334635","49.288610022751","49.6607753982069","50.7520048830563","52.4293427039368","54.5389230960279","",
"Slovenia","SVN","Automated teller machines (ATMs) (per 100,000 adults)","FB.ATM.TOTL.P5","","","","","","","","","","","","","","","","","","","","","","","","","","","","","","","","","","","","","","","","","","","","","81.2627948621681","86.7914854464901","88.2217943015261","94.6220387551471","99.513793772094","101.778702192332","102.979736490051","104.598881557783","101.255538162104","",
"Sweden","SWE","Automated teller machines (ATMs) (per 100,000 adults)","FB.ATM.TOTL.P5","","","","","","","","","","","","","","","","","","","","","","","","","","","","","","","","","","","","","","","","","","","","","36.6678716833029","37.7338610727248","37.4383023117433","40.5909843371358","42.1377374798247","42.7769052059005","42.7966149498354","45.2294999371881","43.095352730884","",
"Swaziland","SWZ","Automated teller machines (ATMs) (per 100,000 adults)","FB.ATM.TOTL.P5","","","","","","","","","","","","","","","","","","","","","","","","","","","","","","","","","","","","","","","","","","","","","7.52238946967815","12.6672152660802","15.503258820219","16.6107131169694","20.4046749222838","20.5808629035471","23.687932339875","24.4279637570171","28.9516607490573","",
"Sint Maarten (Dutch part)","SXM","Automated teller machines (ATMs) (per 100,000 adults)","FB.ATM.TOTL.P5","","","","","","","","","","","","","","","","","","","","","","","","","","","","","","","","","","","","","","","","","","","","","","","","","","","","","","",
"Seychelles","SYC","Automated teller machines (ATMs) (per 100,000 adults)","FB.ATM.TOTL.P5","","","","","","","","","","","","","","","","","","","","","","","","","","","","","","","","","","","","","","","","","","","","","33.9569494515145","33.4826878740166","35.6574857077913","36.7777906970919","41.7373631393562","44.3623316731069","44.4496538197532","45.55892639144","51.2119033576574","",
"Syrian Arab Republic","SYR","Automated teller machines (ATMs) (per 100,000 adults)","FB.ATM.TOTL.P5","","","","","","","","","","","","","","","","","","","","","","","","","","","","","","","","","","","","","","","","","","","","","0","0","0","0","2.29748772084812","6.98347430831559","7.27699846164864","","","",
"Turks and Caicos Islands","TCA","Automated teller machines (ATMs) (per 100,000 adults)","FB.ATM.TOTL.P5","","","","","","","","","","","","","","","","","","","","","","","","","","","","","","","","","","","","","","","","","","","","","","","","","","","","","","",
"Chad","TCD","Automated teller machines (ATMs) (per 100,000 adults)","FB.ATM.TOTL.P5","","","","","","","","","","","","","","","","","","","","","","","","","","","","","","","","","","","","","","","","","","","","","0","0.0754604217633893","0.0731689872515844","0.0888249033762701","0.276320978248998","0.335852932510362","0.424411842722765","0.4758369630902","0.491698195193207","",
"Togo","TGO","Automated teller machines (ATMs) (per 100,000 adults)","FB.ATM.TOTL.P5","","","","","","","","","","","","","","","","","","","","","","","","","","","","","","","","","","","","","","","","","","","","","","","","","","","","","","",
"Thailand","THA","Automated teller machines (ATMs) (per 100,000 adults)","FB.ATM.TOTL.P5","","","","","","","","","","","","","","","","","","","","","","","","","","","","","","","","","","","","","","","","","","","","","20.0898135782628","29.6244188392699","40.9515201609397","47.8106629904956","66.1523681931213","74.3178320924323","76.954929427284","79.2576162842","84.1580442527692","",
"Tajikistan","TJK","Automated teller machines (ATMs) (per 100,000 adults)","FB.ATM.TOTL.P5","","","","","","","","","","","","","","","","","","","","","","","","","","","","","","","","","","","","","","","","","","","","","","0.69491701661315","1.41182266519541","2.17077848459892","2.99103076709326","4.00969662573477","5.07618663938447","7.52029740916841","9.68831107667642","",
"Turkmenistan","TKM","Automated teller machines (ATMs) (per 100,000 adults)","FB.ATM.TOTL.P5","","","","","","","","","","","","","","","","","","","","","","","","","","","","","","","","","","","","","","","","","","","","","","","","","","","","","","",
"Timor-Leste","TLS","Automated teller machines (ATMs) (per 100,000 adults)","FB.ATM.TOTL.P5","","","","","","","","","","","","","","","","","","","","","","","","","","","","","","","","","","","","","","","","","","","","","","","","","2.08043828409242","2.01877326098164","2.44082147863081","2.82144727658221","3.60518263118837","",
"Tonga","TON","Automated teller machines (ATMs) (per 100,000 adults)","FB.ATM.TOTL.P5","","","","","","","","","","","","","","","","","","","","","","","","","","","","","","","","","","","","","","","","","","","","","22.5682690137666","22.4060944576925","19.0511329420044","18.8882319579067","29.646212232658","29.4075546644822","27.6650682405017","27.5093182858348","27.5093182858348","",
"Trinidad and Tobago","TTO","Automated teller machines (ATMs) (per 100,000 adults)","FB.ATM.TOTL.P5","","","","","","","","","","","","","","","","","","","","","","","","","","","","","","","","","","","","","","","","","","","","","","","","","31.2456013705451","33.5084397693542","34.2662515912684","34.7571498599166","35.5980486468501","",
"Tunisia","TUN","Automated teller machines (ATMs) (per 100,000 adults)","FB.ATM.TOTL.P5","","","","","","","","","","","","","","","","","","","","","","","","","","","","","","","","","","","","","","","","","","","","","8.47531002221463","9.76058806956003","10.9674375392113","14.104013327999","15.5511108801441","17.9257119059821","20.6698129822868","21.7010457580112","22.8849610777677","",
"Turkey","TUR","Automated teller machines (ATMs) (per 100,000 adults)","FB.ATM.TOTL.P5","","","","","","","","","","","","","","","","","","","","","","","","","","","","","","","","","","","","","","","","","","","","","28.5199475933122","30.6299224028333","33.476456076749","37.4359879813261","42.9762403140293","46.0892543483454","52.2056979392538","58.8438632146647","63.3869818600587","",
"Tuvalu","TUV","Automated teller machines (ATMs) (per 100,000 adults)","FB.ATM.TOTL.P5","","","","","","","","","","","","","","","","","","","","","","","","","","","","","","","","","","","","","","","","","","","","","","","","","","","","","","",
"Tanzania","TZA","Automated teller machines (ATMs) (per 100,000 adults)","FB.ATM.TOTL.P5","","","","","","","","","","","","","","","","","","","","","","","","","","","","","","","","","","","","","","","","","","","","","0.3196008413282","0.556961806761823","0.627629650988014","1.86208816801352","2.52378167220176","3.31257832175904","4.01368298818416","4.3770660068707","14.5732394624459","",
"Uganda","UGA","Automated teller machines (ATMs) (per 100,000 adults)","FB.ATM.TOTL.P5","","","","","","","","","","","","","","","","","","","","","","","","","","","","","","","","","","","","","","","","","","","","","1.08141002495972","1.51218679468638","1.77240301491444","2.05708293855878","2.50459483649285","3.19766734126379","3.44624419576038","3.6776281691355","3.9994391056307","",
"Ukraine","UKR","Automated teller machines (ATMs) (per 100,000 adults)","FB.ATM.TOTL.P5","","","","","","","","","","","","","","","","","","","","","","","","","","","","","","","","","","","","","","","","","","","","","20.1181257454412","28.1742407993563","36.715399911651","52.3768246010181","70.2376934101565","72.9561967720468","76.3688959534089","83.9462798464786","92.392547804069","",
"Upper middle income","UMC","Automated teller machines (ATMs) (per 100,000 adults)","FB.ATM.TOTL.P5","","","","","","","","","","","","","","","","","","","","","","","","","","","","","","","","","","","","","","","","","","","","","18.5517326920665","21.0518202708291","22.1328574605667","28.6938068519687","28.4565939983166","32.0877202287685","36.7410920810727","41.0215157135999","43.6247340663831","",
"Uruguay","URY","Automated teller machines (ATMs) (per 100,000 adults)","FB.ATM.TOTL.P5","","","","","","","","","","","","","","","","","","","","","","","","","","","","","","","","","","","","","","","","","","","","","27.8199675200521","","","","","30.2427081333415","33.9062055765911","39.5434859033122","42.6944342444422","",
"United States","USA","Automated teller machines (ATMs) (per 100,000 adults)","FB.ATM.TOTL.P5","","","","","","","","","","","","","","","","","","","","","","","","","","","","","","","","","","","","","","","","","","","","","164.878478998322","168.583598496047","166.268306262968","172.92643865819","167.329134641927","173.433843000854","","","","",
"Uzbekistan","UZB","Automated teller machines (ATMs) (per 100,000 adults)","FB.ATM.TOTL.P5","","","","","","","","","","","","","","","","","","","","","","","","","","","","","","","","","","","","","","","","","","","","","1.00265189904914","0.978833245589679","0.955553664126561","0.931537342821348","1.68722800248836","1.87639648484811","4.02316209462381","4.36240733213391","6.69277044172663","",
"St. Vincent and the Grenadines","VCT","Automated teller machines (ATMs) (per 100,000 adults)","FB.ATM.TOTL.P5","","","","","","","","","","","","","","","","","","","","","","","","","","","","","","","","","","","","","","","","","","","","","20.7697799895924","20.582749031366","21.6964036560842","25.3472575274469","25.1885996029541","23.7871676403454","24.8945098002338","25.9891340155489","30.7654445200449","",
"Venezuela, RB","VEN","Automated teller machines (ATMs) (per 100,000 adults)","FB.ATM.TOTL.P5","","","","","","","","","","","","","","","","","","","","","","","","","","","","","","","","","","","","","","","","","","","","","","21.8907052080971","23.8941783896777","25.4534547471273","26.608309632506","26.8157020634918","37.4988885090584","40.8058307143257","41.3706597598452","",
"Virgin Islands (U.S.)","VIR","Automated teller machines (ATMs) (per 100,000 adults)","FB.ATM.TOTL.P5","","","","","","","","","","","","","","","","","","","","","","","","","","","","","","","","","","","","","","","","","","","","","","","","","","","","","","",
"Vietnam","VNM","Automated teller machines (ATMs) (per 100,000 adults)","FB.ATM.TOTL.P5","","","","","","","","","","","","","","","","","","","","","","","","","","","","","","","","","","","","","","","","","","","","","1.4427628898187","2.97318893181256","3.51498177243257","7.6798200877061","11.9824046223866","14.9096003991817","17.2151274086053","19.7929966841093","21.1571106214364","",
"Vanuatu","VUT","Automated teller machines (ATMs) (per 100,000 adults)","FB.ATM.TOTL.P5","","","","","","","","","","","","","","","","","","","","","","","","","","","","","","","","","","","","","","","","","","","","","4.88090589613432","6.30055208587653","6.10494109306822","10.3581406896648","19.3769783265671","23.6745462128016","27.7040130276432","28.200904437289","34.759254306426","",
"West Bank and Gaza","PSE","Automated teller machines (ATMs) (per 100,000 adults)","FB.ATM.TOTL.P5","","","","","","","","","","","","","","","","","","","","","","","","","","","","","","","","","","","","","","","","","","","","","","","7.39158918988547","9.64023441736043","10.8485934788632","13.6821247305178","14.0987332182989","15.3267579649471","17.012123582323","",
"World","WLD","Automated teller machines (ATMs) (per 100,000 adults)","FB.ATM.TOTL.P5","","","","","","","","","","","","","","","","","","","","","","","","","","","","","","","","","","","","","","","","","","","","","18.5517326920665","20.2129353335611","18.7092983818347","25.4534547471273","26.9120581347292","28.5770425789404","29.2921328251129","31.2546482112809","34.2083623928555","",
"Samoa","WSM","Automated teller machines (ATMs) (per 100,000 adults)","FB.ATM.TOTL.P5","","","","","","","","","","","","","","","","","","","","","","","","","","","","","","","","","","","","","","","","","","","","","12.0859400941809","11.9554523939645","11.8266751508409","17.0975555717467","18.6919212725168","21.1299231512202","25.2556041291359","27.5674328372069","28.1236423145301","",
"Yemen, Rep.","YEM","Automated teller machines (ATMs) (per 100,000 adults)","FB.ATM.TOTL.P5","","","","","","","","","","","","","","","","","","","","","","","","","","","","","","","","","","","","","","","","","","","","","0.532192402985258","1.06932680315011","1.43291826961802","2.01280845400966","2.44223864243818","2.86312619393662","3.3753215111603","3.67028034660304","4.19362032105121","",
"South Africa","ZAF","Automated teller machines (ATMs) (per 100,000 adults)","FB.ATM.TOTL.P5","","","","","","","","","","","","","","","","","","","","","","","","","","","","","","","","","","","","","","","","","","","","","29.9416442288954","25.266490326513","26.8133358152523","30.8158170496469","44.0908608078831","52.557420770449","57.0473452190135","59.0988434145919","59.9277666512643","",
"Congo, Dem. Rep.","COD","Automated teller machines (ATMs) (per 100,000 adults)","FB.ATM.TOTL.P5","","","","","","","","","","","","","","","","","","","","","","","","","","","","","","","","","","","","","","","","","","","","","","","","","","0.100358080311384","0.415728574861868","0.50032843355499","0.671022029896265","",
"Zambia","ZMB","Automated teller machines (ATMs) (per 100,000 adults)","FB.ATM.TOTL.P5","","","","","","","","","","","","","","","","","","","","","","","","","","","","","","","","","","","","","","","","","","","","","0.90424633623453","1.37462820822994","2.12366364737526","2.89367957385375","4.46460112993461","6.33499215426029","6.96916443330609","7.18809440538926","8.57592882951205","",
"Zimbabwe","ZWE","Automated teller machines (ATMs) (per 100,000 adults)","FB.ATM.TOTL.P5","","","","","","","","","","","","","","","","","","","","","","","","","","","","","","","","","","","","","","","","","","","","","","","6.85494963694272","7.37894266726579","7.21234843754449","7.69425282866074","5.2048485245946","4.21021716960225","4.75716381097052","",
