Data Source,World Development Indicators,,,,,,,,,,,
,,,,,,,,,,,,
Country Name,Country Code,Indicator Name,Indicator Code,2004,2005,2006,2007,2008,2009,2010,2011,2012
Aruba,ABW,"Automated teller machines (ATMs) (per 100,000 adults)",FB.ATM.TOTL.P5,,,,,,,,110.9700021,120.7891555
Andorra,AND,"Automated teller machines (ATMs) (per 100,000 adults)",FB.ATM.TOTL.P5,,,,,,,,,
Afghanistan,AFG,"Automated teller machines (ATMs) (per 100,000 adults)",FB.ATM.TOTL.P5,0.016445895,0.063481513,0.123074055,0.216865783,0.312924296,0.466727569,0.548108418,0.641864957,0.669510395
Angola,AGO,"Automated teller machines (ATMs) (per 100,000 adults)",FB.ATM.TOTL.P5,1.018419924,1.736879439,3.639308066,5.286756416,7.516174714,10.09117657,12.64320589,15.44885027,19.10005184
Albania,ALB,"Automated teller machines (ATMs) (per 100,000 adults)",FB.ATM.TOTL.P5,3.979408074,8.729860717,13.08936,18.23707707,26.86327359,30.76482328,31.71497789,32.75509422,33.08376474
Andean Region,ANR,"Automated teller machines (ATMs) (per 100,000 adults)",FB.ATM.TOTL.P5,,,,,,,,,
Arab World,ARB,"Automated teller machines (ATMs) (per 100,000 adults)",FB.ATM.TOTL.P5,5.968947813,6.658118054,7.39158919,14.10401333,13.19985218,15.80391832,16.92885812,21.51261082,23.16651088
United Arab Emirates,ARE,"Automated teller machines (ATMs) (per 100,000 adults)",FB.ATM.TOTL.P5,21.04086851,47.50558065,42.27477305,42.34450616,42.39383247,54.30334816,51.68058846,54.34754267,57.01268771
Argentina,ARG,"Automated teller machines (ATMs) (per 100,000 adults)",FB.ATM.TOTL.P5,21.78251917,22.9007241,25.55369119,28.69380685,33.16522594,37.14465168,42.20490439,48.01177957,51.38858957
Armenia,ARM,"Automated teller machines (ATMs) (per 100,000 adults)",FB.ATM.TOTL.P5,3.029050292,4.926591679,7.627790956,14.321427,22.82013618,29.80508222,33.49556109,42.77172629,49.47099857
American Samoa,ASM,"Automated teller machines (ATMs) (per 100,000 adults)",FB.ATM.TOTL.P5,,,,,,,,,
Antigua and Barbuda,ATG,"Automated teller machines (ATMs) (per 100,000 adults)",FB.ATM.TOTL.P5,53.13951645,65.90509652,64.87889352,62.17175801,69.14406079,71.12150789,74.59323466,76.43390065,78.21548321
Australia,AUS,"Automated teller machines (ATMs) (per 100,000 adults)",FB.ATM.TOTL.P5,133.7707411,143.4238248,147.8289154,151.5071581,148.4286604,153.71435,160.8238917,166.594564,165.9477952
Austria,AUT,"Automated teller machines (ATMs) (per 100,000 adults)",FB.ATM.TOTL.P5,116.262845,106.8593338,108.3404062,108.530478,109.9524424,112.0684427,112.6104109,113.4829839,115.3813886
Azerbaijan,AZE,"Automated teller machines (ATMs) (per 100,000 adults)",FB.ATM.TOTL.P5,,,16.47471589,19.66699022,22.13633939,24.3149751,26.72807154,29.68284465,31.08922332
Burundi,BDI,"Automated teller machines (ATMs) (per 100,000 adults)",FB.ATM.TOTL.P5,0.049378097,0.047161101,0.045124736,0.043241009,0.062290317,0.259957739,0.482946288,0.655257191,0.909675733
Belgium,BEL,"Automated teller machines (ATMs) (per 100,000 adults)",FB.ATM.TOTL.P5,83.84731494,83.51316488,83.00847942,86.57091364,87.45202707,87.22771214,91.64409735,93.11823214,
Benin,BEN,"Automated teller machines (ATMs) (per 100,000 adults)",FB.ATM.TOTL.P5,,,,,,,,,3.832770674
Burkina Faso,BFA,"Automated teller machines (ATMs) (per 100,000 adults)",FB.ATM.TOTL.P5,,,,,,,,,
Bangladesh,BGD,"Automated teller machines (ATMs) (per 100,000 adults)",FB.ATM.TOTL.P5,0.127363982,0.19912927,0.349574712,0.504649294,0.831153638,1.265677582,2.076390372,3.639451984,5.030245987
Bulgaria,BGR,"Automated teller machines (ATMs) (per 100,000 adults)",FB.ATM.TOTL.P5,26.18382118,34.10387651,54.11664482,66.49892282,78.51044615,86.03814447,88.70130365,93.58328715,92.83969689
Bahrain,BHR,"Automated teller machines (ATMs) (per 100,000 adults)",FB.ATM.TOTL.P5,,,,,,,,,
"Bahamas, The",BHS,"Automated teller machines (ATMs) (per 100,000 adults)",FB.ATM.TOTL.P5,63.55646782,64.49980025,63.4437249,65.17622702,65.7341191,66.68107841,65.85139731,75.97267841,74.43360112
Bosnia and Herzegovina,BIH,"Automated teller machines (ATMs) (per 100,000 adults)",FB.ATM.TOTL.P5,,,15.60677027,20.74872796,28.50169019,42.77818935,34.56209259,37.67688433,40.03465937
Belarus,BLR,"Automated teller machines (ATMs) (per 100,000 adults)",FB.ATM.TOTL.P5,10.76428886,15.23328536,18.70929838,25.31233623,30.03959742,33.41061717,37.97149974,41.23720071,46.01111843
Belize,BLZ,"Automated teller machines (ATMs) (per 100,000 adults)",FB.ATM.TOTL.P5,28.77856476,30.20933357,32.08525523,33.80906141,35.38968768,36.83527829,38.6579172,40.33022307,39.51379259
Bermuda,BMU,"Automated teller machines (ATMs) (per 100,000 adults)",FB.ATM.TOTL.P5,,,,,,,,,
Bolivia,BOL,"Automated teller machines (ATMs) (per 100,000 adults)",FB.ATM.TOTL.P5,,,,13.31512408,14.47039588,16.92277492,20.05933755,24.50978897,27.8898423
Brazil,BRA,"Automated teller machines (ATMs) (per 100,000 adults)",FB.ATM.TOTL.P5,105.182052,108.8842356,107.7074958,110.1328406,112.245933,115.6135928,119.0935675,117.8640327,118.6009202
Barbados,BRB,"Automated teller machines (ATMs) (per 100,000 adults)",FB.ATM.TOTL.P5,,,30.57199632,32.14654324,36.84681163,37.02246957,36.75933266,32.54750176,36.5059817
Brunei Darussalam,BRN,"Automated teller machines (ATMs) (per 100,000 adults)",FB.ATM.TOTL.P5,35.24091057,43.57781451,46.63970312,58.636715,70.77241442,80.98516835,80.26009622,78.96051971,90.50305892
Bhutan,BTN,"Automated teller machines (ATMs) (per 100,000 adults)",FB.ATM.TOTL.P5,0.48687745,0.465851895,0.448122024,2.165303577,3.149936999,4.08182425,8.340432542,13.92577165,7.733689414
Botswana,BWA,"Automated teller machines (ATMs) (per 100,000 adults)",FB.ATM.TOTL.P5,14.55908916,15.6455809,18.59718926,31.29681776,28.41149781,27.24430617,28.888815,26.66399924,26.5913453
Sub-Saharan Africa (IFC classification),CAA,"Automated teller machines (ATMs) (per 100,000 adults)",FB.ATM.TOTL.P5,,,,,,,,,
Central African Republic,CAF,"Automated teller machines (ATMs) (per 100,000 adults)",FB.ATM.TOTL.P5,0,0,0,0,0.119823198,0.312197924,0.647951292,0.893114513,0.893114513
Canada,CAN,"Automated teller machines (ATMs) (per 100,000 adults)",FB.ATM.TOTL.P5,184.6418472,197.8406818,206.3269169,211.5726852,217.0848102,215.3826426,217.2671971,206.5060854,204.7736518
East Asia and the Pacific (IFC classification),CEA,"Automated teller machines (ATMs) (per 100,000 adults)",FB.ATM.TOTL.P5,,,,,,,,,
Central Europe and the Baltics,CEB,"Automated teller machines (ATMs) (per 100,000 adults)",FB.ATM.TOTL.P5,36.91686416,41.34846423,44.6506231,50.18083686,54.10382769,55.55992008,56.73879202,60.56935889,60.64394221
Europe and Central Asia (IFC classification),CEU,"Automated teller machines (ATMs) (per 100,000 adults)",FB.ATM.TOTL.P5,,,,,,,,,
Switzerland,CHE,"Automated teller machines (ATMs) (per 100,000 adults)",FB.ATM.TOTL.P5,87.37510615,89.17108391,91.25123755,93.19569032,94.13575614,94.89348796,95.98456782,98.89823879,99.18962799
Channel Islands,CHI,"Automated teller machines (ATMs) (per 100,000 adults)",FB.ATM.TOTL.P5,,,,,,,,,
Chile,CHL,"Automated teller machines (ATMs) (per 100,000 adults)",FB.ATM.TOTL.P5,33.21166222,39.21158659,43.14927284,48.6202401,54.53720008,57.50492498,61.40691085,64.36113711,67.27913204
China,CHN,"Automated teller machines (ATMs) (per 100,000 adults)",FB.ATM.TOTL.P5,,,9.625741282,11.9758876,15.55425268,19.77475749,24.75629532,30.28928395,37.51292005
Cote d'Ivoire,CIV,"Automated teller machines (ATMs) (per 100,000 adults)",FB.ATM.TOTL.P5,,,,,,,3.662730932,4.440741469,4.783623578
Latin America and the Caribbean (IFC classification),CLA,"Automated teller machines (ATMs) (per 100,000 adults)",FB.ATM.TOTL.P5,,,,,,,,,
Middle East and North Africa (IFC classification),CME,"Automated teller machines (ATMs) (per 100,000 adults)",FB.ATM.TOTL.P5,,,,,,,,,
Cameroon,CMR,"Automated teller machines (ATMs) (per 100,000 adults)",FB.ATM.TOTL.P5,0.310365225,0.575410692,0.665127208,0.86109826,1.182317192,1.443416489,1.717452009,2.296901362,2.581918319
"Congo, Rep.",COG,"Automated teller machines (ATMs) (per 100,000 adults)",FB.ATM.TOTL.P5,0.495312262,0.530715395,0.609446868,0.682103624,1.146314018,1.412310296,1.998436224,2.476427254,2.963593272
Colombia,COL,"Automated teller machines (ATMs) (per 100,000 adults)",FB.ATM.TOTL.P5,,,,,26.96084268,28.57704258,34.74492726,32.29797046,35.76833871
Comoros,COM,"Automated teller machines (ATMs) (per 100,000 adults)",FB.ATM.TOTL.P5,0.583270631,0.569409596,0.556173543,0.543478254,1.0622364,1.556606023,3.292881525,7.167094636,7.470527668
Cabo Verde,CPV,"Automated teller machines (ATMs) (per 100,000 adults)",FB.ATM.TOTL.P5,,,19.57113128,27.00247152,33.76930459,36.90319602,41.68304919,43.66904534,45.60336444
Costa Rica,CRI,"Automated teller machines (ATMs) (per 100,000 adults)",FB.ATM.TOTL.P5,26.18266559,28.78527145,31.79619509,36.45603286,38.80395203,42.42548516,44.18563864,52.76275244,54.66488901
South Asia (IFC classification),CSA,"Automated teller machines (ATMs) (per 100,000 adults)",FB.ATM.TOTL.P5,,,,,,,,,
Caribbean small states,CSS,"Automated teller machines (ATMs) (per 100,000 adults)",FB.ATM.TOTL.P5,18.30615681,20.21293533,22.56394379,22.76904738,27.6924853,29.23577478,30.04540163,30.75171296,31.12521548
Cuba,CUB,"Automated teller machines (ATMs) (per 100,000 adults)",FB.ATM.TOTL.P5,,,,,,,,,
Curacao,CUW,"Automated teller machines (ATMs) (per 100,000 adults)",FB.ATM.TOTL.P5,,,,,,,,,
Cayman Islands,CYM,"Automated teller machines (ATMs) (per 100,000 adults)",FB.ATM.TOTL.P5,,,,,,,,,
Cyprus,CYP,"Automated teller machines (ATMs) (per 100,000 adults)",FB.ATM.TOTL.P5,55.06948658,56.86940006,64.2104778,63.41352981,66.34739287,70.23573275,72.28060734,75.72338575,64.04471809
Czech Republic,CZE,"Automated teller machines (ATMs) (per 100,000 adults)",FB.ATM.TOTL.P5,31.75914302,34.51365529,37.4362101,37.94695513,38.07405411,39.64051489,41.36966507,43.42860322,45.31584366
Germany,DEU,"Automated teller machines (ATMs) (per 100,000 adults)",FB.ATM.TOTL.P5,,,,106.9571756,109.7253733,112.1307471,116.4761458,118.7694374,
Djibouti,DJI,"Automated teller machines (ATMs) (per 100,000 adults)",FB.ATM.TOTL.P5,0.816326531,0.804828974,0.992063492,0.978473581,1.158301158,2.281368821,2.996254682,3.32103321,4.363636364
Dominica,DMA,"Automated teller machines (ATMs) (per 100,000 adults)",FB.ATM.TOTL.P5,22.82286098,24.66816048,24.46924822,20.24246119,24.12290583,39.91523259,53.45529993,51.02012223,50.53717277
Denmark,DNK,"Automated teller machines (ATMs) (per 100,000 adults)",FB.ATM.TOTL.P5,67.06834761,68.16653871,69.92337893,70.41659011,68.74359239,65.19481159,63.1853756,61.03733901,59.0937529
Dominican Republic,DOM,"Automated teller machines (ATMs) (per 100,000 adults)",FB.ATM.TOTL.P5,18.79730857,23.69622843,24.11613366,25.80445785,26.31116802,27.15732259,28.03840642,29.5394535,30.73188527
Algeria,DZA,"Automated teller machines (ATMs) (per 100,000 adults)",FB.ATM.TOTL.P5,1.232975893,1.461438466,2.317001491,3.605916207,4.068907534,5.158500747,5.738327084,6.130130972,5.796526863
East Asia & Pacific (developing only),EAP,"Automated teller machines (ATMs) (per 100,000 adults)",FB.ATM.TOTL.P5,9.505113839,9.413219938,9.625741282,11.66265038,10.90208012,14.35153209,14.39190888,17.00780094,20.23332268
East Asia & Pacific (all income levels),EAS,"Automated teller machines (ATMs) (per 100,000 adults)",FB.ATM.TOTL.P5,26.83534885,28.37980686,20.19350685,25.51311822,13.39025325,14.9096004,21.57527134,30.77196608,36.98988093
Europe & Central Asia (developing only),ECA,"Automated teller machines (ATMs) (per 100,000 adults)",FB.ATM.TOTL.P5,9.950001132,10.64153234,16.47471589,23.08007309,30.03959742,37.16564641,37.97149974,41.86136397,46.01111843
Europe & Central Asia (all income levels),ECS,"Automated teller machines (ATMs) (per 100,000 adults)",FB.ATM.TOTL.P5,38.18297014,39.54116265,42.26073484,50.18083686,59.18770207,57.55897347,56.73879202,58.84386321,56.68114284
Ecuador,ECU,"Automated teller machines (ATMs) (per 100,000 adults)",FB.ATM.TOTL.P5,3.101290864,5.032553921,8.238116934,23.46950322,27.1402655,30.74638097,35.98329565,41.91711828,43.57161331
"Egypt, Arab Rep.",EGY,"Automated teller machines (ATMs) (per 100,000 adults)",FB.ATM.TOTL.P5,2.661068946,3.362159455,4.462414447,5.455831068,6.509824713,7.729287294,8.680194831,9.270370533,10.57682633
Euro area,EMU,"Automated teller machines (ATMs) (per 100,000 adults)",FB.ATM.TOTL.P5,82.5550549,83.51316488,83.00847942,90.76519355,97.32810697,94.05321344,92.12081936,91.77453938,84.71416454
Eritrea,ERI,"Automated teller machines (ATMs) (per 100,000 adults)",FB.ATM.TOTL.P5,,,,,,,,,
Spain,ESP,"Automated teller machines (ATMs) (per 100,000 adults)",FB.ATM.TOTL.P5,146.8566761,149.8656292,153.3321448,158.9262088,158.1343956,153.6841964,151.3217896,149.2491005,138.1480427
Estonia,EST,"Automated teller machines (ATMs) (per 100,000 adults)",FB.ATM.TOTL.P5,68.43398027,73.74741514,80.47274868,87.74258047,89.46572271,88.57348637,88.37746425,87.21583489,82.70877347
Ethiopia,ETH,"Automated teller machines (ATMs) (per 100,000 adults)",FB.ATM.TOTL.P5,0.020143675,0.019526961,0.0307375,0.041198811,0.068632065,0.098423997,0.299585274,0.318961248,0.463300214
European Union,EUU,"Automated teller machines (ATMs) (per 100,000 adults)",FB.ATM.TOTL.P5,63.27290729,65.58420661,69.92337893,77.66828907,83.12009479,86.63292831,82.6004251,81.46961032,66.53708084
Fragile and conflict affected situations,FCS,"Automated teller machines (ATMs) (per 100,000 adults)",FB.ATM.TOTL.P5,,,0.63341488,1.027067411,1.361170649,1.526166818,2.115753467,1.826110183,2.085228381
Finland,FIN,"Automated teller machines (ATMs) (per 100,000 adults)",FB.ATM.TOTL.P5,111.2782939,107.9021554,104.4940697,101.4571094,100.0310502,91.65632292,36.98040251,36.02471479,35.33296005
Fiji,FJI,"Automated teller machines (ATMs) (per 100,000 adults)",FB.ATM.TOTL.P5,19.04363139,19.4499689,21.05995808,22.46031302,25.84720942,27.17441393,33.07495571,36.27906374,36.76494406
France,FRA,"Automated teller machines (ATMs) (per 100,000 adults)",FB.ATM.TOTL.P5,85.60112931,92.88794986,92.17413204,99.90891321,101.5313606,104.007944,105.9270547,108.929227,109.0033818
Faeroe Islands,FRO,"Automated teller machines (ATMs) (per 100,000 adults)",FB.ATM.TOTL.P5,,,,,,,,,
"Micronesia, Fed. Sts.",FSM,"Automated teller machines (ATMs) (per 100,000 adults)",FB.ATM.TOTL.P5,2.987564729,2.959061386,2.934110516,2.9113936,2.889307218,2.865359836,8.514019753,8.420987023,14.03497837
Gabon,GAB,"Automated teller machines (ATMs) (per 100,000 adults)",FB.ATM.TOTL.P5,0.611239017,5.4628066,5.882058639,6.384159175,6.636872305,7.721392199,9.367421139,10.83169789,12.23580687
United Kingdom,GBR,"Automated teller machines (ATMs) (per 100,000 adults)",FB.ATM.TOTL.P5,,117.9388363,121.3533022,126.358939,126.2216635,121.8590683,122.7761755,124.2821704,
Georgia,GEO,"Automated teller machines (ATMs) (per 100,000 adults)",FB.ATM.TOTL.P5,1.945251644,5.197972148,12.09228802,23.08007309,36.6346488,37.16564641,40.37548821,41.86136397,51.6058779
Ghana,GHA,"Automated teller machines (ATMs) (per 100,000 adults)",FB.ATM.TOTL.P5,,,,,3.835075023,3.878872699,3.929464311,4.066113414,5.469690463
Guinea,GIN,"Automated teller machines (ATMs) (per 100,000 adults)",FB.ATM.TOTL.P5,,,,,,,,,
"Gambia, The",GMB,"Automated teller machines (ATMs) (per 100,000 adults)",FB.ATM.TOTL.P5,,,,,,,,,
Guinea-Bissau,GNB,"Automated teller machines (ATMs) (per 100,000 adults)",FB.ATM.TOTL.P5,,,,,,,1.461720355,1.426735208,2.085228381
Equatorial Guinea,GNQ,"Automated teller machines (ATMs) (per 100,000 adults)",FB.ATM.TOTL.P5,0,0,0,1.03384124,3.253240336,3.152095901,3.995346596,7.520054459,7.747934897
Greece,GRC,"Automated teller machines (ATMs) (per 100,000 adults)",FB.ATM.TOTL.P5,,65.58420661,69.82309413,75.26350865,78.7881625,78.46742198,76.82338595,73.07235458,71.18778961
Grenada,GRD,"Automated teller machines (ATMs) (per 100,000 adults)",FB.ATM.TOTL.P5,35.25794755,37.48698382,38.35668938,41.98152863,45.58862983,47.84116692,51.39694276,49.68489269,45.43035543
Greenland,GRL,"Automated teller machines (ATMs) (per 100,000 adults)",FB.ATM.TOTL.P5,,,,,,,,,
Guatemala,GTM,"Automated teller machines (ATMs) (per 100,000 adults)",FB.ATM.TOTL.P5,,,,,21.1269819,23.0359111,25.27769532,27.25071068,28.70131886
Guam,GUM,"Automated teller machines (ATMs) (per 100,000 adults)",FB.ATM.TOTL.P5,,,,,,,,,
Guyana,GUY,"Automated teller machines (ATMs) (per 100,000 adults)",FB.ATM.TOTL.P5,12.44273711,13.05761735,13.253728,13.85668881,14.02735724,14.37064744,15.27899479,15.11581742,15.90846226
High income,HIC,"Automated teller machines (ATMs) (per 100,000 adults)",FB.ATM.TOTL.P5,67.06834761,65.58420661,70.66425119,80.07306949,83.06131139,78.46742198,72.28060734,75.72338575,68.23593715
"Hong Kong SAR, China",HKG,"Automated teller machines (ATMs) (per 100,000 adults)",FB.ATM.TOTL.P5,,,,,,,46.36584573,49.35195684,
Honduras,HND,"Automated teller machines (ATMs) (per 100,000 adults)",FB.ATM.TOTL.P5,4.663088022,6.261680391,8.112065282,11.23108856,14.24756778,16.82382108,17.54212593,23.0728759,23.62111557
Heavily indebted poor countries (HIPC),HPC,"Automated teller machines (ATMs) (per 100,000 adults)",FB.ATM.TOTL.P5,,,,1.027067411,1.228486128,1.484791654,1.857944116,2.581839832,3.365809794
Croatia,HRV,"Automated teller machines (ATMs) (per 100,000 adults)",FB.ATM.TOTL.P5,,61.82379987,70.66425119,80.07306949,89.2572674,96.14087087,101.3896325,109.4366122,111.6707707
Haiti,HTI,"Automated teller machines (ATMs) (per 100,000 adults)",FB.ATM.TOTL.P5,,,,,,,0.458958438,0.449926941,0.440933332
Hungary,HUN,"Automated teller machines (ATMs) (per 100,000 adults)",FB.ATM.TOTL.P5,38.70866318,41.42907496,44.6506231,50.18083686,54.10382769,55.55992008,56.73879202,57.62711413,56.44371101
Indonesia,IDN,"Automated teller machines (ATMs) (per 100,000 adults)",FB.ATM.TOTL.P5,8.640411419,9.413219938,10.64081163,11.66265038,13.36812411,14.39679644,13.28952314,16.78810123,36.4668418
Isle of Man,IMN,"Automated teller machines (ATMs) (per 100,000 adults)",FB.ATM.TOTL.P5,,,,,,,,,
India,IND,"Automated teller machines (ATMs) (per 100,000 adults)",FB.ATM.TOTL.P5,,2.295224935,2.742145426,3.38114306,4.291000725,5.31487926,7.274236546,8.857461539,11.20972521
Not classified,INX,"Automated teller machines (ATMs) (per 100,000 adults)",FB.ATM.TOTL.P5,,,,,,,,,
Ireland,IRL,"Automated teller machines (ATMs) (per 100,000 adults)",FB.ATM.TOTL.P5,90.79379651,89.1168575,90.29164325,93.78780663,97.19380002,96.45010396,92.59754137,90.43084662,86.71955561
"Iran, Islamic Rep.",IRN,"Automated teller machines (ATMs) (per 100,000 adults)",FB.ATM.TOTL.P5,,4.434182093,8.408669327,13.77635677,17.95472546,23.07966057,30.05709743,35.68009884,46.06596091
Iraq,IRQ,"Automated teller machines (ATMs) (per 100,000 adults)",FB.ATM.TOTL.P5,,,,,0.669550248,1.149912155,2.115753467,2.08848181,
Iceland,ISL,"Automated teller machines (ATMs) (per 100,000 adults)",FB.ATM.TOTL.P5,106.6401354,,,107.1761029,101.6764925,81.9623423,81.50859745,75.98731062,73.66713392
Israel,ISR,"Automated teller machines (ATMs) (per 100,000 adults)",FB.ATM.TOTL.P5,68.84484452,58.14267172,76.93795466,81.50465086,87.33446027,101.0642756,107.1556031,111.1010382,116.4015395
Italy,ITA,"Automated teller machines (ATMs) (per 100,000 adults)",FB.ATM.TOTL.P5,73.58927479,74.55796658,78.8312733,85.91270521,97.46241392,104.93179,97.97557323,99.33593402,97.11142601
Jamaica,JAM,"Automated teller machines (ATMs) (per 100,000 adults)",FB.ATM.TOTL.P5,18.30615681,20.21293533,22.56394379,22.76904738,24.13936924,24.96310978,25.82455166,26.74627605,26.65238231
Jordan,JOR,"Automated teller machines (ATMs) (per 100,000 adults)",FB.ATM.TOTL.P5,,,,22.46752322,25.05316396,26.44091926,28.5114933,29.60654905,30.37051144
Japan,JPN,"Automated teller machines (ATMs) (per 100,000 adults)",FB.ATM.TOTL.P5,124.3107878,123.8744459,124.231081,125.3814666,125.8049286,133.3117174,131.5693285,128.55911,127.7805161
Kazakhstan,KAZ,"Automated teller machines (ATMs) (per 100,000 adults)",FB.ATM.TOTL.P5,9.950001132,14.75373643,19.49281962,37.06067469,52.35606174,57.04046136,61.69899839,65.14113151,69.49458321
Kenya,KEN,"Automated teller machines (ATMs) (per 100,000 adults)",FB.ATM.TOTL.P5,1.615941225,1.583761259,2.941846253,4.69739702,5.991227421,7.290169169,8.969523566,9.206551261,9.941405239
Kyrgyz Republic,KGZ,"Automated teller machines (ATMs) (per 100,000 adults)",FB.ATM.TOTL.P5,0.603965998,0.958214029,1.19095583,2.375987953,4.693550975,8.378384005,7.34710551,11.92268359,15.81051519
Cambodia,KHM,"Automated teller machines (ATMs) (per 100,000 adults)",FB.ATM.TOTL.P5,,0.011710628,0.727517355,1.30307435,3.630194018,4.247999457,5.116589782,5.872609383,6.662090961
Kiribati,KIR,"Automated teller machines (ATMs) (per 100,000 adults)",FB.ATM.TOTL.P5,,,,,,,,10.52014619,10.26874762
St. Kitts and Nevis,KNA,"Automated teller machines (ATMs) (per 100,000 adults)",FB.ATM.TOTL.P5,,,,65.29675485,69.6986864,76.69193702,72.66681941,81.99662236,
"Korea, Rep.",KOR,"Automated teller machines (ATMs) (per 100,000 adults)",FB.ATM.TOTL.P5,209.1588533,213.0532467,219.1976431,235.1999484,242.7916686,248.1477816,266.5953363,282.493666,
Kosovo,KSV,"Automated teller machines (ATMs) (per 100,000 adults)",FB.ATM.TOTL.P5,,7.337185108,8.242089344,10.88560454,16.6692988,23.29458988,28.47286632,30.94418586,32.15055465
Kuwait,KWT,"Automated teller machines (ATMs) (per 100,000 adults)",FB.ATM.TOTL.P5,29.61341636,34.44463418,40.29792283,48.24149777,54.27566971,57.28528532,57.42894788,59.98642501,69.19274226
Latin America & Caribbean (developing only),LAC,"Automated teller machines (ATMs) (per 100,000 adults)",FB.ATM.TOTL.P5,18.79730857,22.39571466,24.00515602,25.5151503,26.78457616,27.15732259,28.66526962,30.11313497,33.16873502
Lao PDR,LAO,"Automated teller machines (ATMs) (per 100,000 adults)",FB.ATM.TOTL.P5,,,,,2.582415086,4.736285512,8.520008106,10.59658111,12.92207515
Lebanon,LBN,"Automated teller machines (ATMs) (per 100,000 adults)",FB.ATM.TOTL.P5,31.86386981,32.7389183,33.94181183,35.25631107,36.66839905,37.76147904,38.79816899,39.11934983,41.32716945
Liberia,LBR,"Automated teller machines (ATMs) (per 100,000 adults)",FB.ATM.TOTL.P5,,,,,1.155276392,1.526166818,1.471707728,1.4247579,1.341087081
Libya,LBY,"Automated teller machines (ATMs) (per 100,000 adults)",FB.ATM.TOTL.P5,3.632782575,3.555648039,3.556152758,3.531517339,3.583445715,3.664835945,3.589909415,3.598326469,3.96149883
St. Lucia,LCA,"Automated teller machines (ATMs) (per 100,000 adults)",FB.ATM.TOTL.P5,30.25090967,29.57729837,30.53712308,33.02722696,32.24816972,30.00023089,44.49572775,45.96439936,
Latin America & Caribbean (all income levels),LCN,"Automated teller machines (ATMs) (per 100,000 adults)",FB.ATM.TOTL.P5,20.7063195,22.9007241,24.11613366,25.57684584,27.05055409,28.92610862,33.90620558,32.29797046,35.60558476
Latin America and the Caribbean,LCR,"Automated teller machines (ATMs) (per 100,000 adults)",FB.ATM.TOTL.P5,,,,,,,,,
Least developed countries: UN classification,LDC,"Automated teller machines (ATMs) (per 100,000 adults)",FB.ATM.TOTL.P5,,0.22823851,0.627629651,,1.49385517,1.733093817,2.076390372,2.980241326,3.832770674
Low income,LIC,"Automated teller machines (ATMs) (per 100,000 adults)",FB.ATM.TOTL.P5,,,0.627629651,1.001275826,1.155276392,1.300513017,1.461720355,2.125495482,3.365809794
Liechtenstein,LIE,"Automated teller machines (ATMs) (per 100,000 adults)",FB.ATM.TOTL.P5,,,,,,,,,
Sri Lanka,LKA,"Automated teller machines (ATMs) (per 100,000 adults)",FB.ATM.TOTL.P5,,,,9.097296937,10.89023751,12.21667942,13.01925359,14.43102668,15.40713061
Lower middle income,LMC,"Automated teller machines (ATMs) (per 100,000 adults)",FB.ATM.TOTL.P5,2.661068946,3.575017503,4.184078523,7.344088791,8.567255537,11.79299316,11.13866557,13.17685513,15.6088229
Low & middle income,LMY,"Automated teller machines (ATMs) (per 100,000 adults)",FB.ATM.TOTL.P5,3.101290864,4.9795728,7.869928119,11.44686947,12.67526437,14.35153209,13.69412818,16.11847575,19.20479329
Lesotho,LSO,"Automated teller machines (ATMs) (per 100,000 adults)",FB.ATM.TOTL.P5,2.878734619,3.787875551,3.905742599,4.937940942,5.770997091,6.654401892,7.343767368,8.080941172,9.170882866
Lithuania,LTU,"Automated teller machines (ATMs) (per 100,000 adults)",FB.ATM.TOTL.P5,35.65075818,37.16034242,40.30930877,46.91976374,51.77201146,54.41515904,56.14531118,47.78593698,48.44505335
Luxembourg,LUX,"Automated teller machines (ATMs) (per 100,000 adults)",FB.ATM.TOTL.P5,106.6833216,106.991851,105.5783087,105.9791676,107.3154737,107.0474674,105.6273653,106.2044042,100.9860533
Latvia,LVA,"Automated teller machines (ATMs) (per 100,000 adults)",FB.ATM.TOTL.P5,44.46917041,44.54606858,48.41741619,58.48778641,65.17929978,67.87764169,70.55664978,63.2364225,66.53708084
"Macao SAR, China",MAC,"Automated teller machines (ATMs) (per 100,000 adults)",FB.ATM.TOTL.P5,54.30999216,54.54613382,65.09673333,86.76243137,112.904601,129.9667309,138.2393849,152.1341495,178.7627862
St. Martin (French part),MAF,"Automated teller machines (ATMs) (per 100,000 adults)",FB.ATM.TOTL.P5,,,,,,,,,
Morocco,MAR,"Automated teller machines (ATMs) (per 100,000 adults)",FB.ATM.TOTL.P5,8.30511305,14.78908885,12.798947,14.23865454,16.27802787,18.29631187,19.75898301,21.51261082,23.44806068
Mexico and Central America,MCA,"Automated teller machines (ATMs) (per 100,000 adults)",FB.ATM.TOTL.P5,,,,,,,,,
Monaco,MCO,"Automated teller machines (ATMs) (per 100,000 adults)",FB.ATM.TOTL.P5,,,,,,,,,
Moldova,MDA,"Automated teller machines (ATMs) (per 100,000 adults)",FB.ATM.TOTL.P5,7.789340172,10.64153234,12.75789056,15.4817843,19.65772499,23.35234409,25.80665753,28.65353234,31.11147343
Madagascar,MDG,"Automated teller machines (ATMs) (per 100,000 adults)",FB.ATM.TOTL.P5,0.32773431,0.634080038,0.795493005,1.001275826,1.228486128,1.335348453,1.399927848,1.563738556,1.714858084
Maldives,MDV,"Automated teller machines (ATMs) (per 100,000 adults)",FB.ATM.TOTL.P5,7.963981743,8.187367877,7.90908522,19.61900887,19.02772929,19.83518785,19.73095754,20.06806068,24.14594115
Middle East & North Africa (all income levels),MEA,"Automated teller machines (ATMs) (per 100,000 adults)",FB.ATM.TOTL.P5,8.390211536,9.76058807,9.688053433,14.17133394,16.27802787,18.29631187,20.66981298,25.6537974,30.37051144
Mexico,MEX,"Automated teller machines (ATMs) (per 100,000 adults)",FB.ATM.TOTL.P5,27.71935322,30.53630003,33.62731059,37.68724251,40.2521796,41.79470734,44.0523403,43.76418572,47.33456563
Marshall Islands,MHL,"Automated teller machines (ATMs) (per 100,000 adults)",FB.ATM.TOTL.P5,,,,2.903234584,2.879670688,2.85683839,2.835066316,5.629818066,
Middle income,MIC,"Automated teller machines (ATMs) (per 100,000 adults)",FB.ATM.TOTL.P5,8.30511305,9.68540839,12.42524492,15.4817843,19.65772499,22.5566045,25.00273589,27.95212151,30.37051144
"Macedonia, FYR",MKD,"Automated teller machines (ATMs) (per 100,000 adults)",FB.ATM.TOTL.P5,,9.610228711,18.0271521,31.84597619,45.45400746,49.33420934,51.19091029,51.30418639,49.89859224
Mali,MLI,"Automated teller machines (ATMs) (per 100,000 adults)",FB.ATM.TOTL.P5,,,,,,,2.647121471,3.139035375,3.365809794
Malta,MLT,"Automated teller machines (ATMs) (per 100,000 adults)",FB.ATM.TOTL.P5,45.19728875,44.88744827,41.10185527,46.51568593,47.19432958,48.82836959,52.42150512,55.54294923,60.72588108
Myanmar,MMR,"Automated teller machines (ATMs) (per 100,000 adults)",FB.ATM.TOTL.P5,0,0,0,0,0,0,0,0,0.091265233
Middle East & North Africa (developing only),MNA,"Automated teller machines (ATMs) (per 100,000 adults)",FB.ATM.TOTL.P5,3.14692576,3.555648039,5.927001818,9.640234417,8.679209096,10.70570601,11.38946402,15.32675796,19.94854233
Montenegro,MNE,"Automated teller machines (ATMs) (per 100,000 adults)",FB.ATM.TOTL.P5,,14.2318946,25.9337679,39.99587966,52.97901174,60.06042174,64.27983552,66.2513315,69.58250555
Mongolia,MNG,"Automated teller machines (ATMs) (per 100,000 adults)",FB.ATM.TOTL.P5,,,,,9.821755625,14.89415416,18.39424736,31.25464821,45.10726043
Northern Mariana Islands,MNP,"Automated teller machines (ATMs) (per 100,000 adults)",FB.ATM.TOTL.P5,,,,,,,,,
Mozambique,MOZ,"Automated teller machines (ATMs) (per 100,000 adults)",FB.ATM.TOTL.P5,1.845282081,2.146317877,3.172524949,3.540380095,4.12080003,4.592500892,5.595618804,6.352991891,6.901536882
Mauritania,MRT,"Automated teller machines (ATMs) (per 100,000 adults)",FB.ATM.TOTL.P5,,,,,,,,,
Mauritius,MUS,"Automated teller machines (ATMs) (per 100,000 adults)",FB.ATM.TOTL.P5,30.70625289,33.47492742,34.35501313,38.24530161,37.28647041,38.63190905,39.88061369,42.33874417,43.62473407
Malawi,MWI,"Automated teller machines (ATMs) (per 100,000 adults)",FB.ATM.TOTL.P5,0.743639775,1.460695363,1.404327003,1.484644688,1.729210717,2.595931345,2.948269149,3.791945586,4.427936459
Malaysia,MYS,"Automated teller machines (ATMs) (per 100,000 adults)",FB.ATM.TOTL.P5,26.83534885,27.13519487,27.96176878,38.36956514,41.09888011,51.49972778,53.20781277,53.30506371,52.94051623
North America,NAC,"Automated teller machines (ATMs) (per 100,000 adults)",FB.ATM.TOTL.P5,174.7601631,183.2121402,186.2976116,192.2495619,192.2069724,194.4082428,217.2671971,206.5060854,204.7736518
Namibia,NAM,"Automated teller machines (ATMs) (per 100,000 adults)",FB.ATM.TOTL.P5,,,,,27.35168532,30.49532943,30.78198846,49.71501635,47.74039228
New Caledonia,NCL,"Automated teller machines (ATMs) (per 100,000 adults)",FB.ATM.TOTL.P5,,,,,,,,,
Niger,NER,"Automated teller machines (ATMs) (per 100,000 adults)",FB.ATM.TOTL.P5,,,,,,,,,
Nigeria,NGA,"Automated teller machines (ATMs) (per 100,000 adults)",FB.ATM.TOTL.P5,,0.675297877,1.765316806,4.437807334,8.567255537,11.3693069,11.13866557,11.84285039,11.39081873
Nicaragua,NIC,"Automated teller machines (ATMs) (per 100,000 adults)",FB.ATM.TOTL.P5,3.393052693,4.707013569,5.929467301,7.008357493,8.006900291,8.443786647,8.567579751,9.738314179,11.902384
Netherlands,NLD,"Automated teller machines (ATMs) (per 100,000 adults)",FB.ATM.TOTL.P5,59.47746697,55.94389219,60.75844252,63.70814614,64.096394,62.51689656,57.7720955,55.86318341,55.07010345
High income: nonOECD,NOC,"Automated teller machines (ATMs) (per 100,000 adults)",FB.ATM.TOTL.P5,29.61341636,44.54606858,42.27477305,49.68144225,51.77201146,54.3592536,57.42894788,58.63053931,61.7895184
Norway,NOR,"Automated teller machines (ATMs) (per 100,000 adults)",FB.ATM.TOTL.P5,59.17716171,58.78208977,59.95090941,59.77818155,59.18770207,57.55897347,55.24035463,54.48657241,52.82214016
Nepal,NPL,"Automated teller machines (ATMs) (per 100,000 adults)",FB.ATM.TOTL.P5,,,,,,,,7.385692684,7.5027172
New Zealand,NZL,"Automated teller machines (ATMs) (per 100,000 adults)",FB.ATM.TOTL.P5,59.03451954,62.25082042,69.4401185,69.5328356,71.57923714,72.29493975,71.92890132,75.89038776,74.83556269
High income: OECD,OEC,"Automated teller machines (ATMs) (per 100,000 adults)",FB.ATM.TOTL.P5,82.5550549,85.15232516,85.61513686,93.19569032,97.19380002,96.45010396,94.29105459,96.00823547,84.71416454
OECD members,OED,"Automated teller machines (ATMs) (per 100,000 adults)",FB.ATM.TOTL.P5,73.58927479,74.55796658,80.47274868,87.15674705,91.80073943,93.27490544,91.64409735,90.43084662,74.83556269
Oman,OMN,"Automated teller machines (ATMs) (per 100,000 adults)",FB.ATM.TOTL.P5,,,,,,,,,
Other small states,OSS,"Automated teller machines (ATMs) (per 100,000 adults)",FB.ATM.TOTL.P5,7.52238947,12.66721527,15.50325882,16.61071312,20.40467492,20.5808629,16.52767674,17.62983082,19.41357608
Pakistan,PAK,"Automated teller machines (ATMs) (per 100,000 adults)",FB.ATM.TOTL.P5,0.725565058,1.139966757,1.834869628,2.677200308,3.359008739,3.877195207,4.265791314,4.708578115,5.42055194
Panama,PAN,"Automated teller machines (ATMs) (per 100,000 adults)",FB.ATM.TOTL.P5,,,,33.71831462,35.74738293,39.60845414,41.06549346,46.49540145,53.51875744
Peru,PER,"Automated teller machines (ATMs) (per 100,000 adults)",FB.ATM.TOTL.P5,10.68121205,11.42268925,13.65059378,16.44524781,20.1482471,22.0772979,25.00273589,28.88763187,35.60558476
Philippines,PHL,"Automated teller machines (ATMs) (per 100,000 adults)",FB.ATM.TOTL.P5,10.36981626,11.50289556,12.42524492,12.6566713,13.39025325,14.30626774,15.49429463,17.22750065,19.30953475
Palau,PLW,"Automated teller machines (ATMs) (per 100,000 adults)",FB.ATM.TOTL.P5,,,,37.62891032,37.18815381,36.75033872,43.5672272,43.02688043,49.55717253
Papua New Guinea,PNG,"Automated teller machines (ATMs) (per 100,000 adults)",FB.ATM.TOTL.P5,,,3.807137954,4.22727006,4.874444409,5.236967879,5.765928197,7.190809168,8.447455431
Poland,POL,"Automated teller machines (ATMs) (per 100,000 adults)",FB.ATM.TOTL.P5,25.38164508,27.50887501,31.01580636,35.89219161,43.00824538,48.54437855,50.72932741,53.38422782,56.91857467
Puerto Rico,PRI,"Automated teller machines (ATMs) (per 100,000 adults)",FB.ATM.TOTL.P5,,,,,,,,,
"Korea, Dem. Rep.",PRK,"Automated teller machines (ATMs) (per 100,000 adults)",FB.ATM.TOTL.P5,,,,,,,,,
Portugal,PRT,"Automated teller machines (ATMs) (per 100,000 adults)",FB.ATM.TOTL.P5,142.5971273,154.032372,162.3016857,175.8524795,186.0784415,191.0265574,193.8655566,191.7392295,185.3615868
Paraguay,PRY,"Automated teller machines (ATMs) (per 100,000 adults)",FB.ATM.TOTL.P5,,,,,,12.54866183,18.30840131,18.3870041,19.77517709
Pacific island small states,PSS,"Automated teller machines (ATMs) (per 100,000 adults)",FB.ATM.TOTL.P5,,,,,,,,,
French Polynesia,PYF,"Automated teller machines (ATMs) (per 100,000 adults)",FB.ATM.TOTL.P5,,,,,,,,,
Qatar,QAT,"Automated teller machines (ATMs) (per 100,000 adults)",FB.ATM.TOTL.P5,55.98590416,58.28240995,56.49222543,53.92769849,47.4288895,49.25334016,52.53461287,51.82048103,59.66845453
Romania,ROU,"Automated teller machines (ATMs) (per 100,000 adults)",FB.ATM.TOTL.P5,18.05901596,23.81570466,32.96025106,40.7005228,50.55165602,53.13416713,55.44666194,60.56935889,60.64394221
Russian Federation,RUS,"Automated teller machines (ATMs) (per 100,000 adults)",FB.ATM.TOTL.P5,16.25790186,22.87686891,32.54568856,45.22913037,65.55414659,76.50267297,129.2937897,151.8388262,182.0024714
Rwanda,RWA,"Automated teller machines (ATMs) (per 100,000 adults)",FB.ATM.TOTL.P5,0.038989312,0.22823851,0.222747289,0.290115647,0.389307085,0.809248271,1.401461713,2.687252409,4.515426825
South Asia,SAS,"Automated teller machines (ATMs) (per 100,000 adults)",FB.ATM.TOTL.P5,0.127363982,0.669548014,1.09222217,2.677200308,3.359008739,3.877195207,4.265791314,6.0471354,6.46163457
Saudi Arabia,SAU,"Automated teller machines (ATMs) (per 100,000 adults)",FB.ATM.TOTL.P5,26.51906303,28.28189354,36.04522907,43.29496003,49.62861785,54.08752178,57.64227092,60.69581428,63.91058227
Southern Cone Extended,SCE,"Automated teller machines (ATMs) (per 100,000 adults)",FB.ATM.TOTL.P5,,,,,,,,,
Sudan,SDN,"Automated teller machines (ATMs) (per 100,000 adults)",FB.ATM.TOTL.P5,0,0,0.471336756,1.052858996,1.49385517,1.940020816,3.296293019,3.511975591,3.90030243
Senegal,SEN,"Automated teller machines (ATMs) (per 100,000 adults)",FB.ATM.TOTL.P5,,,,,,,,,
Singapore,SGP,"Automated teller machines (ATMs) (per 100,000 adults)",FB.ATM.TOTL.P5,47.96780276,49.40677689,50.02980244,51.12138672,50.72196809,52.39393885,58.26584361,58.63053931,58.12259477
Solomon Islands,SLB,"Automated teller machines (ATMs) (per 100,000 adults)",FB.ATM.TOTL.P5,1.481863422,1.436616481,4.17883179,5.403072787,6.550603047,6.990700481,10.79327486,10.77739103,11.37613498
Sierra Leone,SLE,"Automated teller machines (ATMs) (per 100,000 adults)",FB.ATM.TOTL.P5,,,,,0.313115131,0.428518782,0.418581803,0.408499661,0.408499661
El Salvador,SLV,"Automated teller machines (ATMs) (per 100,000 adults)",FB.ATM.TOTL.P5,20.7063195,22.96157828,24.17379429,25.57684584,28.04092384,29.27517467,29.29213283,30.68681644,27.5119029
San Marino,SMR,"Automated teller machines (ATMs) (per 100,000 adults)",FB.ATM.TOTL.P5,,,,,,,,,
Somalia,SOM,"Automated teller machines (ATMs) (per 100,000 adults)",FB.ATM.TOTL.P5,,,,,,,,,
Serbia,SRB,"Automated teller machines (ATMs) (per 100,000 adults)",FB.ATM.TOTL.P5,,13.74124769,22.13285746,34.07825085,41.03412252,44.86058524,47.1345393,46.77977192,45.97827382
Sub-Saharan Africa (developing only),SSA,"Automated teller machines (ATMs) (per 100,000 adults)",FB.ATM.TOTL.P5,0.677439396,1.374628208,1.76885991,2.475381256,3.179428348,3.312578322,3.554487564,3.9290295,4.515426825
South Sudan,SSD,"Automated teller machines (ATMs) (per 100,000 adults)",FB.ATM.TOTL.P5,,,,,,,,,
Sub-Saharan Africa (all income levels),SSF,"Automated teller machines (ATMs) (per 100,000 adults)",FB.ATM.TOTL.P5,0.677439396,1.374628208,1.76885991,2.475381256,3.179428348,3.312578322,3.554487564,3.9290295,4.515426825
Small states,SST,"Automated teller machines (ATMs) (per 100,000 adults)",FB.ATM.TOTL.P5,11.04073932,14.15639808,17.05022404,19.68988025,24.13936924,24.96310978,24.756242,25.5459815,26.6218638
Sao Tome and Principe,STP,"Automated teller machines (ATMs) (per 100,000 adults)",FB.ATM.TOTL.P5,0,0,0,0,0,0,0,17.75750762,20.02840449
Suriname,SUR,"Automated teller machines (ATMs) (per 100,000 adults)",FB.ATM.TOTL.P5,17.08911541,19.41326254,24.49689866,28.34254449,28.24959451,34.37226015,35.50197939,36.83502884,41.73406361
Slovak Republic,SVK,"Automated teller machines (ATMs) (per 100,000 adults)",FB.ATM.TOTL.P5,38.18297014,41.34846423,44.21216092,47.71984783,49.28861002,49.6607754,50.75200488,52.4293427,54.5389231
Slovenia,SVN,"Automated teller machines (ATMs) (per 100,000 adults)",FB.ATM.TOTL.P5,81.26279486,86.79148545,88.2217943,94.62203876,99.51379377,101.7787022,102.9797365,104.5988816,101.2555382
Sweden,SWE,"Automated teller machines (ATMs) (per 100,000 adults)",FB.ATM.TOTL.P5,36.66787168,37.73386107,37.43830231,40.59098434,42.13773748,42.77690521,42.79661495,45.22949994,43.09535273
Swaziland,SWZ,"Automated teller machines (ATMs) (per 100,000 adults)",FB.ATM.TOTL.P5,7.52238947,12.66721527,15.50325882,16.61071312,20.40467492,20.5808629,23.68793234,24.42796376,28.95166075
Sint Maarten (Dutch part),SXM,"Automated teller machines (ATMs) (per 100,000 adults)",FB.ATM.TOTL.P5,,,,,,,,,
Seychelles,SYC,"Automated teller machines (ATMs) (per 100,000 adults)",FB.ATM.TOTL.P5,33.95694945,33.48268787,35.65748571,36.7777907,41.73736314,44.36233167,44.44965382,45.55892639,51.21190336
Syrian Arab Republic,SYR,"Automated teller machines (ATMs) (per 100,000 adults)",FB.ATM.TOTL.P5,0,0,0,0,2.297487721,6.983474308,7.276998462,,
Turks and Caicos Islands,TCA,"Automated teller machines (ATMs) (per 100,000 adults)",FB.ATM.TOTL.P5,,,,,,,,,
Chad,TCD,"Automated teller machines (ATMs) (per 100,000 adults)",FB.ATM.TOTL.P5,0,0.075460422,0.073168987,0.088824903,0.276320978,0.335852933,0.424411843,0.475836963,0.491698195
Togo,TGO,"Automated teller machines (ATMs) (per 100,000 adults)",FB.ATM.TOTL.P5,,,,,,,,,
Thailand,THA,"Automated teller machines (ATMs) (per 100,000 adults)",FB.ATM.TOTL.P5,20.08981358,29.62441884,40.95152016,47.81066299,66.15236819,74.31783209,76.95492943,79.25761628,84.15804425
Tajikistan,TJK,"Automated teller machines (ATMs) (per 100,000 adults)",FB.ATM.TOTL.P5,,0.694917017,1.411822665,2.170778485,2.991030767,4.009696626,5.076186639,7.520297409,9.688311077
Turkmenistan,TKM,"Automated teller machines (ATMs) (per 100,000 adults)",FB.ATM.TOTL.P5,,,,,,,,,
Timor-Leste,TLS,"Automated teller machines (ATMs) (per 100,000 adults)",FB.ATM.TOTL.P5,,,,,2.080438284,2.018773261,2.440821479,2.821447277,3.605182631
Tonga,TON,"Automated teller machines (ATMs) (per 100,000 adults)",FB.ATM.TOTL.P5,22.56826901,22.40609446,19.05113294,18.88823196,29.64621223,29.40755466,27.66506824,27.50931829,27.50931829
Trinidad and Tobago,TTO,"Automated teller machines (ATMs) (per 100,000 adults)",FB.ATM.TOTL.P5,,,,,31.24560137,33.50843977,34.26625159,34.75714986,35.59804865
Tunisia,TUN,"Automated teller machines (ATMs) (per 100,000 adults)",FB.ATM.TOTL.P5,8.475310022,9.76058807,10.96743754,14.10401333,15.55111088,17.92571191,20.66981298,21.70104576,22.88496108
Turkey,TUR,"Automated teller machines (ATMs) (per 100,000 adults)",FB.ATM.TOTL.P5,28.51994759,30.6299224,33.47645608,37.43598798,42.97624031,46.08925435,52.20569794,58.84386321,63.38698186
Tuvalu,TUV,"Automated teller machines (ATMs) (per 100,000 adults)",FB.ATM.TOTL.P5,,,,,,,,,
Tanzania,TZA,"Automated teller machines (ATMs) (per 100,000 adults)",FB.ATM.TOTL.P5,0.319600841,0.556961807,0.627629651,1.862088168,2.523781672,3.312578322,4.013682988,4.377066007,14.57323946
Uganda,UGA,"Automated teller machines (ATMs) (per 100,000 adults)",FB.ATM.TOTL.P5,1.081410025,1.512186795,1.772403015,2.057082939,2.504594836,3.197667341,3.446244196,3.677628169,3.999439106
Ukraine,UKR,"Automated teller machines (ATMs) (per 100,000 adults)",FB.ATM.TOTL.P5,20.11812575,28.1742408,36.71539991,52.3768246,70.23769341,72.95619677,76.36889595,83.94627985,92.3925478
Upper middle income,UMC,"Automated teller machines (ATMs) (per 100,000 adults)",FB.ATM.TOTL.P5,18.55173269,21.05182027,22.13285746,28.69380685,28.456594,32.08772023,36.74109208,41.02151571,43.62473407
Uruguay,URY,"Automated teller machines (ATMs) (per 100,000 adults)",FB.ATM.TOTL.P5,27.81996752,,,,,30.24270813,33.90620558,39.5434859,42.69443424
United States,USA,"Automated teller machines (ATMs) (per 100,000 adults)",FB.ATM.TOTL.P5,164.878479,168.5835985,166.2683063,172.9264387,167.3291346,173.433843,,,
Uzbekistan,UZB,"Automated teller machines (ATMs) (per 100,000 adults)",FB.ATM.TOTL.P5,1.002651899,0.978833246,0.955553664,0.931537343,1.687228002,1.876396485,4.023162095,4.362407332,6.692770442
St. Vincent and the Grenadines,VCT,"Automated teller machines (ATMs) (per 100,000 adults)",FB.ATM.TOTL.P5,20.76977999,20.58274903,21.69640366,25.34725753,25.1885996,23.78716764,24.8945098,25.98913402,30.76544452
"Venezuela, RB",VEN,"Automated teller machines (ATMs) (per 100,000 adults)",FB.ATM.TOTL.P5,,21.89070521,23.89417839,25.45345475,26.60830963,26.81570206,37.49888851,40.80583071,41.37065976
Virgin Islands (U.S.),VIR,"Automated teller machines (ATMs) (per 100,000 adults)",FB.ATM.TOTL.P5,,,,,,,,,
Vietnam,VNM,"Automated teller machines (ATMs) (per 100,000 adults)",FB.ATM.TOTL.P5,1.44276289,2.973188932,3.514981772,7.679820088,11.98240462,14.9096004,17.21512741,19.79299668,21.15711062
Vanuatu,VUT,"Automated teller machines (ATMs) (per 100,000 adults)",FB.ATM.TOTL.P5,4.880905896,6.300552086,6.104941093,10.35814069,19.37697833,23.67454621,27.70401303,28.20090444,34.75925431
West Bank and Gaza,PSE,"Automated teller machines (ATMs) (per 100,000 adults)",FB.ATM.TOTL.P5,,,7.39158919,9.640234417,10.84859348,13.68212473,14.09873322,15.32675796,17.01212358
World,WLD,"Automated teller machines (ATMs) (per 100,000 adults)",FB.ATM.TOTL.P5,18.55173269,20.21293533,18.70929838,25.45345475,26.91205813,28.57704258,29.29213283,31.25464821,34.20836239
Samoa,WSM,"Automated teller machines (ATMs) (per 100,000 adults)",FB.ATM.TOTL.P5,12.08594009,11.95545239,11.82667515,17.09755557,18.69192127,21.12992315,25.25560413,27.56743284,28.12364231
"Yemen, Rep.",YEM,"Automated teller machines (ATMs) (per 100,000 adults)",FB.ATM.TOTL.P5,0.532192403,1.069326803,1.43291827,2.012808454,2.442238642,2.863126194,3.375321511,3.670280347,4.193620321
South Africa,ZAF,"Automated teller machines (ATMs) (per 100,000 adults)",FB.ATM.TOTL.P5,29.94164423,25.26649033,26.81333582,30.81581705,44.09086081,52.55742077,57.04734522,59.09884341,59.92776665
"Congo, Dem. Rep.",COD,"Automated teller machines (ATMs) (per 100,000 adults)",FB.ATM.TOTL.P5,,,,,,0.10035808,0.415728575,0.500328434,0.67102203
Zambia,ZMB,"Automated teller machines (ATMs) (per 100,000 adults)",FB.ATM.TOTL.P5,0.904246336,1.374628208,2.123663647,2.893679574,4.46460113,6.334992154,6.969164433,7.188094405,8.57592883
Zimbabwe,ZWE,"Automated teller machines (ATMs) (per 100,000 adults)",FB.ATM.TOTL.P5,,,6.854949637,7.378942667,7.212348438,7.694252829,5.204848525,4.21021717,4.757163811
