Country,Concept,Unit,Data Source,Status,Scale,2008,2009,2010,2011,2012,2013
"Afghanistan, Islamic Republic of","Interest Rates, Money Market Rate",Percent per Annum,International Financial Statistics (IFS),Published,Units,,,2.01,0.2,,
"Afghanistan, Islamic Republic of","Interest Rates, Lending Rate",Percent per Annum,International Financial Statistics (IFS),Published,Units,14.9175,15,15.69,15.1458333333333,15,15.0791666666667
Albania,"Interest Rates, Lending Rate",Percent per Annum,International Financial Statistics (IFS),Published,Units,13.0196427128802,12.6609351537225,12.8223298853561,12.4320985987679,10.8803465425902,9.82660434431551
Albania,"Interest Rates, Deposit Rate",Percent per Annum,International Financial Statistics (IFS),Published,Units,6.80274238793673,6.77243622651908,6.41754337281697,5.86175264225151,5.42490848079036,4.16420494025281
Algeria,"Interest Rates, Discount Rate",Percent per Annum,International Financial Statistics (IFS),Published,Units,4,4,4,4,4,4
Algeria,"Interest Rates, Money Market Rate",Percent per Annum,International Financial Statistics (IFS),Published,Units,3.26525416666667,3.67845416666667,3.22106833333333,2.1373475,0.47,1.57434833333333
Algeria,"Interest Rates, Lending Rate",Percent per Annum,International Financial Statistics (IFS),Published,Units,8,8,8,8,8,8
Algeria,"Interest Rates, Deposit Rate",Percent per Annum,International Financial Statistics (IFS),Published,Units,1.75,1.75,1.75,1.75,1.75,1.75
Angola,"Interest Rates, Discount Rate",Percent per Annum,International Financial Statistics (IFS),Published,Units,19.57,25.345,29.1666666666667,21.6666666666667,20,20
Angola,"Interest Rates, Money Market Rate",Percent per Annum,International Financial Statistics (IFS),Published,Units,13.5891666666667,14.7941666666667,22.1016666666667,11.2707985946116,5.86416666666667,5.76930555555556
Angola,"Interest Rates, Lending Rate",Percent per Annum,International Financial Statistics (IFS),Published,Units,12.533605759663,15.682074235437,22.5435720221269,18.7572405365757,16.6564013212232,15.8086009013537
Angola,"Interest Rates, Deposit Rate",Percent per Annum,International Financial Statistics (IFS),Published,Units,6.53807760064286,7.58936660757563,12.7562991888339,6.30923166027609,3.60364026674955,3.14507073587628
Anguilla,"Interest Rates, Discount Rate",Percent per Annum,International Financial Statistics (IFS),Published,Units,6.5,6.5,6.5,6.5,6.5,6.5
Anguilla,"Interest Rates, Money Market Rate",Percent per Annum,International Financial Statistics (IFS),Published,Units,4.92166666666667,6.03223333333333,6.35875833333333,5.68368333333333,5.18705416666667,6.28386666666667
Anguilla,"Interest Rates, Lending Rate",Percent per Annum,International Financial Statistics (IFS),Published,Units,9.50850405776549,9.27365798961387,11.3786746171511,9.29584046341362,9.37731104484629,9.07778878432266
Anguilla,"Interest Rates, Deposit Rate",Percent per Annum,International Financial Statistics (IFS),Published,Units,4.73603967308819,4.72293243862924,3.88597270660553,3.57431280353431,4.07435855058689,3.87331718154876
Antigua and Barbuda,"Interest Rates, Discount Rate",Percent per Annum,International Financial Statistics (IFS),Published,Units,6.5,6.5,6.5,6.5,6.5,6.5
Antigua and Barbuda,"Interest Rates, Money Market Rate",Percent per Annum,International Financial Statistics (IFS),Published,Units,4.92166666666667,6.03223333333333,6.35875833333333,5.68368333333333,5.03760416666667,6.28401666666667
Antigua and Barbuda,"Interest Rates, Lending Rate",Percent per Annum,International Financial Statistics (IFS),Published,Units,10.4291009360419,10.0653700920516,10.9993475073677,10.9144525231277,10.1571966422671,9.95235329417181
Antigua and Barbuda,"Interest Rates, Deposit Rate",Percent per Annum,International Financial Statistics (IFS),Published,Units,3.53720155682139,3.48357886848825,3.37030687182617,3.37537690057588,3.16043061576853,3.04434917695378
Argentina,"Interest Rates, Money Market Rate",Percent per Annum,International Financial Statistics (IFS),Published,Units,10.07,10.2283333333333,9.09416666666665,9.97999999999999,9.79333333333333,13.0991666666666
Argentina,"Interest Rates, Lending Rate",Percent per Annum,International Financial Statistics (IFS),Published,Units,19.4681583333333,15.655,10.5575,14.0875,14.0608333333333,17.1466666666667
Argentina,"Interest Rates, Deposit Rate",Percent per Annum,International Financial Statistics (IFS),Published,Units,11.0493290172212,11.6040351112797,9.16684206720562,10.6791717588966,12.0234954622098,14.8544545942618
"Armenia, Republic of","Interest Rates, Money Market Rate",Percent per Annum,International Financial Statistics (IFS),Published,Units,6.75185375125895,6.24596500596177,6.58075548402005,7.69111932447581,8.67545397885602,8.22767590102058
"Armenia, Republic of","Interest Rates, Lending Rate",Percent per Annum,International Financial Statistics (IFS),Published,Units,17.0494827336028,18.7644705946021,19.2004283143122,17.7544737854169,17.2300682381835,15.9949873679769
"Armenia, Republic of","Interest Rates, Deposit Rate",Percent per Annum,International Financial Statistics (IFS),Published,Units,6.62801860934559,8.65292863099265,8.95025892533693,9.2480433144904,9.56911001362681,10.1602652886802
Aruba,"Interest Rates, Discount Rate",Percent per Annum,International Financial Statistics (IFS),Published,Units,5,3,1,1,1,1
Aruba,"Interest Rates, Money Market Rate",Percent per Annum,International Financial Statistics (IFS),Published,Units,0.454166666666667,0.05,0.05,0.05,0.05,0.05
Aruba,"Interest Rates, Lending Rate",Percent per Annum,International Financial Statistics (IFS),Published,Units,11.2333333333333,10.7666666666667,10.65,9.65833333333333,9.18333333333333,8.725
Aruba,"Interest Rates, Deposit Rate",Percent per Annum,International Financial Statistics (IFS),Published,Units,3.61666666666667,3.35,2.575,1.675,1.54166666666667,1.63333333333334
Australia,"Interest Rates, Money Market Rate",Percent per Annum,International Financial Statistics (IFS),Published,Units,6.67166666666667,3.2781746031746,4.34604166666667,4.69270833333333,3.69666666666667,2.7375
Australia,"Interest Rates, Lending Rate",Percent per Annum,International Financial Statistics (IFS),Published,Units,8.90833333333333,6.02083333333333,7.27916666666667,7.7375,6.975,6.17916666666666
Australia,"Interest Rates, Deposit Rate",Percent per Annum,International Financial Statistics (IFS),Published,Units,4.725,3.07916666666667,4.2125,4.3375,3.91666666666667,3.25
"Azerbaijan, Republic of","Interest Rates, Lending Rate",Percent per Annum,International Financial Statistics (IFS),Published,Units,19.7625,20.0291666666667,20.7,18.9883333333333,18.3458333333333,18.21
"Azerbaijan, Republic of","Interest Rates, Deposit Rate",Percent per Annum,International Financial Statistics (IFS),Published,Units,12.2241666666667,12.1958333333333,11.64,10.8741666666667,10.215,9.89166666666667
"Bahamas, The","Interest Rates, Lending Rate",Percent per Annum,International Financial Statistics (IFS),Published,Units,5.5,5.5,5.5,5.0625,4.75,4.75
"Bahamas, The","Interest Rates, Deposit Rate",Percent per Annum,International Financial Statistics (IFS),Published,Units,3.92083333333333,3.7825,3.44083333333333,2.63369186955964,2.01208333333333,1.68
"Bahrain, Kingdom of","Interest Rates, Money Market Rate",Percent per Annum,International Financial Statistics (IFS),Published,Units,3.08916666666667,1.8225,0.3775,0.6,,
"Bahrain, Kingdom of","Interest Rates, Lending Rate",Percent per Annum,International Financial Statistics (IFS),Published,Units,8.2234606141522,7.94142857142857,7.2475,6.79083333333333,6.035,5.935
"Bahrain, Kingdom of","Interest Rates, Deposit Rate",Percent per Annum,International Financial Statistics (IFS),Published,Units,1.6475,1.58166666666667,1.225,1.0225,1.08416666666667,1.05833333333333
Bangladesh,"Interest Rates, Discount Rate",Percent per Annum,International Financial Statistics (IFS),Published,Units,5,5,5,5,5,5
Bangladesh,"Interest Rates, Lending Rate",Percent per Annum,International Financial Statistics (IFS),Published,Units,16.375,14.6,13,13.25,13,13
Bangladesh,"Interest Rates, Deposit Rate",Percent per Annum,International Financial Statistics (IFS),Published,Units,9.65333333333333,8.205,7.1425,10.015,11.685,11.1852190431446
Barbados,"Interest Rates, Discount Rate",Percent per Annum,International Financial Statistics (IFS),Published,Units,10,7,7,7,7,7
Barbados,"Interest Rates, Lending Rate",Percent per Annum,International Financial Statistics (IFS),Published,Units,10.0333333333333,9.20416666666667,8.7,8.7,8.7,8.7
Barbados,"Interest Rates, Deposit Rate",Percent per Annum,International Financial Statistics (IFS),Published,Units,4.46,2.86583333333333,2.66583333333333,2.67666666666667,2.5625,2.51083333333333
Belarus,"Interest Rates, Lending Rate",Percent per Annum,International Financial Statistics (IFS),Published,Units,8.55,11.675,9.21666666666666,13.575,19.4916666666667,19.1333333333333
Belarus,"Interest Rates, Deposit Rate",Percent per Annum,International Financial Statistics (IFS),Published,Units,8.525,10.6833333333333,9.09166666666666,13.3083333333333,22.3,20.2583333333333
Belgium,"Interest Rates, Lending Rate",Percent per Annum,International Financial Statistics (IFS),Published,Units,9.20833333333333,9.5,,,,
Belize,"Interest Rates, Lending Rate",Percent per Annum,International Financial Statistics (IFS),Published,Units,14.1408333333333,14.0816666666667,13.8833333333333,13.3633333333333,12.4408333333333,11.5691666666667
Belize,"Interest Rates, Deposit Rate",Percent per Annum,International Financial Statistics (IFS),Published,Units,8.4575,8.3725,7.76083333333334,6.44083333333333,4.4125,3.585
Benin,"Interest Rates, Deposit Rate",Percent per Annum,International Financial Statistics (IFS),Published,Units,3.5,3.5,3.5,3.5,3.5,3.5
Bhutan,"Interest Rates, Lending Rate",Percent per Annum,International Financial Statistics (IFS),Published,Units,13.75,13.75,14,14,14,14
Bhutan,"Interest Rates, Deposit Rate",Percent per Annum,International Financial Statistics (IFS),Published,Units,2,2,2,4.5,5.5,6
Bolivia,"Interest Rates, Discount Rate",Percent per Annum,International Financial Statistics (IFS),Published,Units,13,3,3,4,4,4.5
Bolivia,"Interest Rates, Money Market Rate",Percent per Annum,International Financial Statistics (IFS),Published,Units,7.67756654694617,3.55068205542653,0.899286732056178,1.87066792355937,0.674166666666666,1.59166666666667
Bolivia,"Interest Rates, Lending Rate",Percent per Annum,International Financial Statistics (IFS),Published,Units,13.8733333333333,12.359625,9.90992714868377,10.915392341297,11.1349478606743,11.0513992821176
Bolivia,"Interest Rates, Deposit Rate",Percent per Annum,International Financial Statistics (IFS),Published,Units,4.65583333333333,3.43928333333333,1.04666851541744,1.40303615507917,1.62615307127361,1.73918352499664
Bosnia and Herzegovina,"Interest Rates, Lending Rate",Percent per Annum,International Financial Statistics (IFS),Published,Units,6.97833333333333,7.9325,7.88833333333333,7.43166666666667,6.89083333333333,6.98734166666667
Bosnia and Herzegovina,"Interest Rates, Deposit Rate",Percent per Annum,International Financial Statistics (IFS),Published,Units,3.485,3.6,3.15916666666667,2.79583333333333,2.94833333333333,3.0567
Botswana,"Interest Rates, Discount Rate",Percent per Annum,International Financial Statistics (IFS),Published,Units,15,10,9.5,9.5,9.5,7.5
Botswana,"Interest Rates, Lending Rate",Percent per Annum,International Financial Statistics (IFS),Published,Units,16.5416666666667,13.755625,11.4583333333333,11,11,10.1892333333333
Botswana,"Interest Rates, Deposit Rate",Percent per Annum,International Financial Statistics (IFS),Published,Units,8.673225,7.46952083333333,5.59788333333333,5.1477375,3.6075875,3.1096525
Brazil,"Interest Rates, Discount Rate",Percent per Annum,International Financial Statistics (IFS),Published,Units,20.4795999576088,15.1685181606518,17.2996,17.5544817974473,13.5869345321627,16.4934952162255
Brazil,"Interest Rates, Money Market Rate",Percent per Annum,International Financial Statistics (IFS),Published,Units,12.3550672455294,10.0625796668097,9.80143599155561,11.6641570110162,8.47590119850842,8.17834399221602
Brazil,"Interest Rates, Lending Rate",Percent per Annum,International Financial Statistics (IFS),Published,Units,47.25,44.65,39.9916666666667,43.8833333333333,36.6366666666666,27.3916666666667
Brazil,"Interest Rates, Deposit Rate",Percent per Annum,International Financial Statistics (IFS),Published,Units,11.6553322573294,9.2788317677565,8.87043931667786,10.9923648153523,7.90746650160068,7.80710378657161
Brunei Darussalam,"Interest Rates, Lending Rate",Percent per Annum,International Financial Statistics (IFS),Published,Units,5.5,5.5,5.5,5.5,5.5,5.5
Brunei Darussalam,"Interest Rates, Deposit Rate",Percent per Annum,International Financial Statistics (IFS),Published,Units,0.875761458333333,0.699921291666667,0.47054075,0.395703333333333,0.231540740740741,0.2055275
Bulgaria,"Interest Rates, Money Market Rate",Percent per Annum,International Financial Statistics (IFS),Published,Units,5.15870833333333,2.0075,0.182266666666667,0.1971,0.097575,0.0189666666666667
Bulgaria,"Interest Rates, Lending Rate",Percent per Annum,International Financial Statistics (IFS),Published,Units,10.861425,11.335,11.1443666666667,10.6294583333333,9.71420833333333,9.050175
Bulgaria,"Interest Rates, Deposit Rate",Percent per Annum,International Financial Statistics (IFS),Published,Units,4.44464166666667,6.1775,4.076075,3.36826666666667,3.08416666666667,2.41330833333333
Burkina Faso,"Interest Rates, Deposit Rate",Percent per Annum,International Financial Statistics (IFS),Published,Units,3.5,3.5,3.5,3.5,3.5,3.5
Burundi,"Interest Rates, Discount Rate",Percent per Annum,International Financial Statistics (IFS),Published,Units,10.08,10,11.25,14.34,13.77,12.5
Burundi,"Interest Rates, Lending Rate",Percent per Annum,International Financial Statistics (IFS),Published,Units,16.5208333333333,14.0758333333333,12.42,13.2325,14.32,15.1475
Cabo Verde,"Interest Rates, Discount Rate",Percent per Annum,International Financial Statistics (IFS),Published,Units,7.5,7.5,7.5,7.25,8.75,8.75
Cabo Verde,"Interest Rates, Lending Rate",Percent per Annum,International Financial Statistics (IFS),Published,Units,9.98901352284579,10.9766450308146,11.0398987608935,9.810803815182,9.90035884746328,10.520099018866
Cabo Verde,"Interest Rates, Deposit Rate",Percent per Annum,International Financial Statistics (IFS),Published,Units,3.81016385573918,2.88459353511401,3.11427888142532,3.35121566636517,3.78753893040724,4.17449535102897
Cambodia,"Interest Rates, Deposit Rate",Percent per Annum,International Financial Statistics (IFS),Published,Units,1.90520833333333,1.66333333333333,1.26459166666667,1.3380375,1.3337962962963,1.34340277777778
Cameroon,"Interest Rates, Discount Rate",Percent per Annum,International Financial Statistics (IFS),Published,Units,4.75,4.25,4,4,4,3.25
Cameroon,"Interest Rates, Deposit Rate",Percent per Annum,International Financial Statistics (IFS),Published,Units,3.75,3.25,3.25,3.25,3.25,3.20833333333333
Canada,"Interest Rates, Money Market Rate",Percent per Annum,International Financial Statistics (IFS),Published,Units,2.9575,0.389166666666667,0.599166666666667,0.9975,1.00083333333333,1.0025
Canada,"Interest Rates, Lending Rate",Percent per Annum,International Financial Statistics (IFS),Published,Units,4.72916666666667,2.39583333333333,2.60416666666667,3,3,3
Canada,"Interest Rates, Deposit Rate",Percent per Annum,International Financial Statistics (IFS),Published,Units,1.5,0.0958333333333332,0.2,0.475,0.483333333333333,0.55
Central African Republic,"Interest Rates, Discount Rate",Percent per Annum,International Financial Statistics (IFS),Published,Units,4.75,4.25,4,4,4,3.25
Central African Republic,"Interest Rates, Deposit Rate",Percent per Annum,International Financial Statistics (IFS),Published,Units,3.75,3.25,3.25,3.25,3.25,3.20833333333333
Chad,"Interest Rates, Discount Rate",Percent per Annum,International Financial Statistics (IFS),Published,Units,4.75,4.25,4,4,4,3.25
Chad,"Interest Rates, Deposit Rate",Percent per Annum,International Financial Statistics (IFS),Published,Units,3.75,3.25,3.25,3.25,3.25,3.20833333333333
Chile,"Interest Rates, Discount Rate",Percent per Annum,International Financial Statistics (IFS),Published,Units,8.25,0.5,3.12,5.25,5,4.5
Chile,"Interest Rates, Money Market Rate",Percent per Annum,International Financial Statistics (IFS),Published,Units,7.1075,1.94689177489177,1.40047619047619,4.66555158730159,5.00583333333333,4.92666666666667
Chile,"Interest Rates, Lending Rate",Percent per Annum,International Financial Statistics (IFS),Published,Units,13.261771366415,7.25063476884463,4.75482680518703,9.03015252269429,10.0572624433615,9.26187678192101
Chile,"Interest Rates, Deposit Rate",Percent per Annum,International Financial Statistics (IFS),Published,Units,7.48919739919882,2.04760668499783,1.75118738241494,5.28683831409122,5.78821768941152,5.16886815476422
"China, P.R.: Hong Kong","Interest Rates, Discount Rate",Percent per Annum,International Financial Statistics (IFS),Published,Units,0.5,0.5,0.5,0.5,0.5,0.5
"China, P.R.: Hong Kong","Interest Rates, Money Market Rate",Percent per Annum,International Financial Statistics (IFS),Published,Units,0.23,0.13,0.13,0.13,0.06,0.06
"China, P.R.: Hong Kong","Interest Rates, Lending Rate",Percent per Annum,International Financial Statistics (IFS),Published,Units,5,5,5,5,5,5
"China, P.R.: Hong Kong","Interest Rates, Deposit Rate",Percent per Annum,International Financial Statistics (IFS),Published,Units,0.448333333333333,0.0108333333333333,0.01,0.01,0.01,0.01
"China, P.R.: Macao","Interest Rates, Money Market Rate",Percent per Annum,International Financial Statistics (IFS),Published,Units,0.3,0.1088,0.2528,0.3833,0.30625,0.23872
"China, P.R.: Macao","Interest Rates, Lending Rate",Percent per Annum,International Financial Statistics (IFS),Published,Units,5.42666666666667,5.25,5.25,5.25,5.25,5.25
"China, P.R.: Macao","Interest Rates, Deposit Rate",Percent per Annum,International Financial Statistics (IFS),Published,Units,1.0990184945999,0.0285460509504367,0.0175646048257513,0.0526984334519327,0.0628071923917909,0.0445908630339257
"China, P.R.: Mainland","Interest Rates, Discount Rate",Percent per Annum,International Financial Statistics (IFS),Published,Units,2.79,2.79,3.25,3.25,3.25,3.25
"China, P.R.: Mainland","Interest Rates, Lending Rate",Percent per Annum,International Financial Statistics (IFS),Published,Units,5.31,5.31,5.81,6.56,6,6
"China, P.R.: Mainland","Interest Rates, Deposit Rate",Percent per Annum,International Financial Statistics (IFS),Published,Units,2.25,2.25,2.75,3.5,3,3
Colombia,"Interest Rates, Discount Rate",Percent per Annum,International Financial Statistics (IFS),Published,Units,11.5,5.5,5,6.75,6.5,5.25
Colombia,"Interest Rates, Money Market Rate",Percent per Annum,International Financial Statistics (IFS),Published,Units,9.72452383333333,5.6478595,3.14704916666666,4.0326095,5.00551841666667,3.40590916666667
Colombia,"Interest Rates, Lending Rate",Percent per Annum,International Financial Statistics (IFS),Published,Units,17.1756231436697,13.0080746033842,9.38148993683401,11.2199184470583,12.5850402049247,10.9855861710036
Colombia,"Interest Rates, Deposit Rate",Percent per Annum,International Financial Statistics (IFS),Published,Units,9.74108003212746,6.14578342299999,3.66186032985171,4.26388459690465,5.35583383898964,4.17001756470844
Comoros,"Interest Rates, Discount Rate",Percent per Annum,International Financial Statistics (IFS),Published,Units,5.357425,2.214875,1.93011666666667,2.36939166666667,1.730775,1.59093333333333
Comoros,"Interest Rates, Lending Rate",Percent per Annum,International Financial Statistics (IFS),Published,Units,10.5,10.5,10.5,10.5,10.5,10.5
Comoros,"Interest Rates, Deposit Rate",Percent per Annum,International Financial Statistics (IFS),Published,Units,2.5,1.875,1.75,1.75,1.75,1.75
"Congo, Democratic Republic of","Interest Rates, Discount Rate",Percent per Annum,International Financial Statistics (IFS),Published,Units,42.5,72.5,24.5,22.5,5.25,3
"Congo, Democratic Republic of","Interest Rates, Money Market Rate",Percent per Annum,International Financial Statistics (IFS),Published,Units,23.5,66.5,15.5,11.5,1.5,1.375
"Congo, Democratic Republic of","Interest Rates, Lending Rate",Percent per Annum,International Financial Statistics (IFS),Published,Units,43.1541666666667,65.4175,56.5183333333333,43.75340275,28.4466666666667,19.3660119047619
"Congo, Democratic Republic of","Interest Rates, Deposit Rate",Percent per Annum,International Financial Statistics (IFS),Published,Units,7.7975,16.075,16.7733333333333,13.3566666666667,7.71916666666667,4.709
"Congo, Republic of","Interest Rates, Discount Rate",Percent per Annum,International Financial Statistics (IFS),Published,Units,4.75,4.25,4,4,4,3.25
"Congo, Republic of","Interest Rates, Deposit Rate",Percent per Annum,International Financial Statistics (IFS),Published,Units,3.75,3.25,3.25,3.25,3.25,3.20833333333333
Costa Rica,"Interest Rates, Lending Rate",Percent per Annum,International Financial Statistics (IFS),Published,Units,15.8275,19.7233333333333,17.0908333333333,16.1458333333333,18.2125,15.1883333333334
Costa Rica,"Interest Rates, Deposit Rate",Percent per Annum,International Financial Statistics (IFS),Published,Units,4.15,6.95916666666667,5.32333333333333,4.00916666666667,4.73861111111111,3.8775
Cote d'Ivoire,"Interest Rates, Deposit Rate",Percent per Annum,International Financial Statistics (IFS),Published,Units,3.5,3.5,3.5,3.5,3.5,3.5
Croatia,"Interest Rates, Discount Rate",Percent per Annum,International Financial Statistics (IFS),Published,Units,9,9,9,7,7,7
Croatia,"Interest Rates, Money Market Rate",Percent per Annum,International Financial Statistics (IFS),Published,Units,6.0775,7.52916666666667,1.01024320078485,1.03583333333333,1.25416666666667,0.508485865303477
Croatia,"Interest Rates, Lending Rate",Percent per Annum,International Financial Statistics (IFS),Published,Units,10.0691666666667,11.5541666666667,10.3766666666667,9.68416666666667,9.48083333333333,9.24666666666667
Croatia,"Interest Rates, Deposit Rate",Percent per Annum,International Financial Statistics (IFS),Published,Units,2.82,3.20333333333333,1.7575,1.6975,1.88166666666667,1.52083333333333
Czech Republic,"Interest Rates, Money Market Rate",Percent per Annum,International Financial Statistics (IFS),Published,Units,4.035,2.125,1.3025,1.18916666666667,0.975,0.451666666666667
Czech Republic,"Interest Rates, Lending Rate",Percent per Annum,International Financial Statistics (IFS),Published,Units,6.25170833333333,5.98995833333333,5.88783333333333,5.71783333333333,5.40672323724727,4.96989301373891
Czech Republic,"Interest Rates, Deposit Rate",Percent per Annum,International Financial Statistics (IFS),Published,Units,1.61203333333333,1.26501666666667,1.08158333333333,1.03825,1.02430263320933,0.861548172781148
Denmark,"Interest Rates, Money Market Rate",Percent per Annum,International Financial Statistics (IFS),Published,Units,4.88083333333333,1.80916666666667,0.701866666666667,0.887733333333333,0.0800866666666667,-0.0231016666666667
Djibouti,"Interest Rates, Lending Rate",Percent per Annum,International Financial Statistics (IFS),Published,Units,11.5558333333333,11.0933333333333,10.3043421052631,10.60666667,,
Djibouti,"Interest Rates, Deposit Rate",Percent per Annum,International Financial Statistics (IFS),Published,Units,2.16416666666667,1.37333333333333,0.95640625,1.506666667,2.5,
Dominica,"Interest Rates, Discount Rate",Percent per Annum,International Financial Statistics (IFS),Published,Units,6.5,6.5,6.5,6.5,6.5,6.5
Dominica,"Interest Rates, Money Market Rate",Percent per Annum,International Financial Statistics (IFS),Published,Units,4.92166666666667,6.03223333333333,6.32685,5.68368333333333,5.03760416666667,6.28401666666667
Dominica,"Interest Rates, Lending Rate",Percent per Annum,International Financial Statistics (IFS),Published,Units,9.06404638816547,10.0192940627616,9.45501398850831,8.84037965492994,9.04298186920945,9.07396001934442
Dominica,"Interest Rates, Deposit Rate",Percent per Annum,International Financial Statistics (IFS),Published,Units,3.20207573739202,3.20323383892459,3.26046502123527,3.20236000980138,3.09811538483005,3.0504127481322
Dominican Republic,"Interest Rates, Money Market Rate",Percent per Annum,International Financial Statistics (IFS),Published,Units,12.2391666666667,8.08,6.25416666666667,8.28833333333333,8.07416666666667,6.06916666666667
Dominican Republic,"Interest Rates, Lending Rate",Percent per Annum,International Financial Statistics (IFS),Published,Units,19.945,18.1358333333333,12.1366666666667,15.55,15.4825,13.5914005366949
Dominican Republic,"Interest Rates, Deposit Rate",Percent per Annum,International Financial Statistics (IFS),Published,Units,10.3475,7.8125,4.85583333333333,7.87416666666667,7.49416666666667,6.01986077793781
Ecuador,"Interest Rates, Discount Rate",Percent per Annum,International Financial Statistics (IFS),Published,Units,9.14,9.19,8.68,8.17,8.17,8.17
Ecuador,"Interest Rates, Deposit Rate",Percent per Annum,International Financial Statistics (IFS),Published,Units,4.865,4.78,3.9025,3.84416666666667,3.89,3.89
Egypt,"Interest Rates, Discount Rate",Percent per Annum,International Financial Statistics (IFS),Published,Units,11.5,8.5,8.5,9.5,9.5,8.75
Egypt,"Interest Rates, Lending Rate",Percent per Annum,International Financial Statistics (IFS),Published,Units,12.325,11.975,11.00833325,11.0333333333333,12,12.2916666666667
Egypt,"Interest Rates, Deposit Rate",Percent per Annum,International Financial Statistics (IFS),Published,Units,6.58333333333333,6.49166666666667,6.23333333166666,6.74166666666667,7.64166666666667,7.68333333333333
El Salvador,"Interest Rates, Money Market Rate",Percent per Annum,International Financial Statistics (IFS),Published,Units,4.32,,,,,
Equatorial Guinea,"Interest Rates, Discount Rate",Percent per Annum,International Financial Statistics (IFS),Published,Units,4.75,4.25,4,4,4,3.25
Equatorial Guinea,"Interest Rates, Deposit Rate",Percent per Annum,International Financial Statistics (IFS),Published,Units,3.75,3.25,3.25,3.25,3.25,3.20833333333333
Estonia,"Interest Rates, Money Market Rate",Percent per Annum,International Financial Statistics (IFS),Published,Units,6.6638915,5.926002,1.57087358333333,,,
Estonia,"Interest Rates, Lending Rate",Percent per Annum,International Financial Statistics (IFS),Published,Units,8.54863067263329,9.38577189459013,7.76017776480886,6.11703270018201,5.74707531648199,5.36448310604121
Estonia,"Interest Rates, Deposit Rate",Percent per Annum,International Financial Statistics (IFS),Published,Units,5.71819153824076,4.81886704944628,1.10602654998043,1.26758919526746,0.674082106188427,0.416999224327882
Ethiopia,"Interest Rates, Lending Rate",Percent per Annum,International Financial Statistics (IFS),Published,Units,8,,,,,
Ethiopia,"Interest Rates, Deposit Rate",Percent per Annum,International Financial Statistics (IFS),Published,Units,4.67519307126727,,,,,
Euro Area,"Interest Rates, Discount Rate",Percent per Annum,International Financial Statistics (IFS),Published,Units,3,1.75,1.75,1.75,1.5,0.75
Euro Area,"Interest Rates, Money Market Rate",Percent per Annum,International Financial Statistics (IFS),Published,Units,3.7825,0.695,0.4812789855,0.815993537615449,0.0639849687349688,0.0455
Fiji,"Interest Rates, Discount Rate",Percent per Annum,International Financial Statistics (IFS),Published,Units,6.32,3.5,3,1,1,1
Fiji,"Interest Rates, Money Market Rate",Percent per Annum,International Financial Statistics (IFS),Published,Units,1.24708333333333,1.31333333333333,1,,,
Fiji,"Interest Rates, Lending Rate",Percent per Annum,International Financial Statistics (IFS),Published,Units,7.99726954431674,7.85341601530875,7.48964734611671,7.46605819217571,6.96805287835016,6.10473363960249
Fiji,"Interest Rates, Deposit Rate",Percent per Annum,International Financial Statistics (IFS),Published,Units,2.75358333333333,4.91284765044668,5.41482502809286,3.74650410823685,2.42016516876818,2.06990899613906
Finland,"Interest Rates, Money Market Rate",Percent per Annum,International Financial Statistics (IFS),Published,Units,4.63423268117593,1.22834974982747,0.810876824926281,1.39079215681661,0.573185263876983,0.220751638277182
France,"Interest Rates, Deposit Rate",Percent per Annum,International Financial Statistics (IFS),Published,Units,3.66666666666667,1.91666666666667,1.45833333333333,2.08333333333333,2.25,
Gabon,"Interest Rates, Discount Rate",Percent per Annum,International Financial Statistics (IFS),Published,Units,4.75,4.25,4,4,4,3.25
Gabon,"Interest Rates, Deposit Rate",Percent per Annum,International Financial Statistics (IFS),Published,Units,3.75,3.25,3.25,3.25,3.25,3.20833333333333
"Gambia, The","Interest Rates, Discount Rate",Percent per Annum,International Financial Statistics (IFS),Published,Units,,,,,10.95,18.54
"Gambia, The","Interest Rates, Lending Rate",Percent per Annum,International Financial Statistics (IFS),Published,Units,27,27,27,28,28,28
"Gambia, The","Interest Rates, Deposit Rate",Percent per Annum,International Financial Statistics (IFS),Published,Units,12.8666666666667,15.5,14.625,11.75,11.5,13.4358333333333
Georgia,"Interest Rates, Money Market Rate",Percent per Annum,International Financial Statistics (IFS),Published,Units,14.771,5.550135311256,5.4545853289902,7.63509528243867,5.58595067176969,3.94193932260884
Georgia,"Interest Rates, Lending Rate",Percent per Annum,International Financial Statistics (IFS),Published,Units,18.0441333333333,17.8663166666667,15.845075,14.9951666666667,14.80845,13.5948916043986
Georgia,"Interest Rates, Deposit Rate",Percent per Annum,International Financial Statistics (IFS),Published,Units,11.239273920341,10.8103234445944,10.0621515523871,11.5377973597106,10.7055201238594,9.72661726858262
Germany,"Interest Rates, Money Market Rate",Percent per Annum,International Financial Statistics (IFS),Published,Units,3.81833333333333,0.625833333333333,0.383333333333333,0.809166666666666,0.255,
Ghana,"Interest Rates, Money Market Rate",Percent per Annum,International Financial Statistics (IFS),Published,Units,15.6433333333333,21.5008333333333,,10.7066666666667,14.4825,17.5666666666667
Ghana,"Interest Rates, Deposit Rate",Percent per Annum,International Financial Statistics (IFS),Published,Units,11.285,17.0641666666667,,8.90916666666667,10.05,12.35
Grenada,"Interest Rates, Discount Rate",Percent per Annum,International Financial Statistics (IFS),Published,Units,6.5,6.5,6.5,6.5,6.5,6.5
Grenada,"Interest Rates, Money Market Rate",Percent per Annum,International Financial Statistics (IFS),Published,Units,4.93766666666667,6.03223333333333,6.35875833333333,5.68368333333333,5.18705416666667,6.28401666666667
Grenada,"Interest Rates, Lending Rate",Percent per Annum,International Financial Statistics (IFS),Published,Units,9.52898492988282,10.9930534805853,10.5750130912526,10.6859790060702,9.72590000699412,9.27020682532407
Grenada,"Interest Rates, Deposit Rate",Percent per Annum,International Financial Statistics (IFS),Published,Units,3.22884066009687,3.27337999587143,3.07915291459471,3.11242785468312,2.85812865297234,2.64045982931596
Guatemala,"Interest Rates, Lending Rate",Percent per Annum,International Financial Statistics (IFS),Published,Units,13.3916666666667,13.8491666666667,13.3416666666667,13.43,13.4866666666667,13.5975
Guatemala,"Interest Rates, Deposit Rate",Percent per Annum,International Financial Statistics (IFS),Published,Units,5.07916666666667,5.57666666666667,5.4525,5.24416666666667,5.29333333333333,5.45166666666667
Guinea-Bissau,"Interest Rates, Deposit Rate",Percent per Annum,International Financial Statistics (IFS),Published,Units,3.5,3.5,3.5,3.5,3.5,3.5
Guyana,"Interest Rates, Lending Rate",Percent per Annum,International Financial Statistics (IFS),Published,Units,14.5825,14.5414083333333,14.5417,14.4514027777778,13.8611111111111,13.5
Guyana,"Interest Rates, Deposit Rate",Percent per Annum,International Financial Statistics (IFS),Published,Units,2.37354166666667,2.32390833333334,2.26808333333333,1.94096666666667,1.523125,1.13368055555555
Haiti,"Interest Rates, Lending Rate",Percent per Annum,International Financial Statistics (IFS),Published,Units,17.8108333333333,17.3291666666667,17.4816666666667,11.61,8.93416666666668,8.7225
Haiti,"Interest Rates, Deposit Rate",Percent per Annum,International Financial Statistics (IFS),Published,Units,2.14833333333333,1.13166666666667,0.735833333333333,0.281666666666667,0.454166666666667,0.683333333333332
Honduras,"Interest Rates, Lending Rate",Percent per Annum,International Financial Statistics (IFS),Published,Units,17.9366666666667,19.445,18.8646641666667,18.5575316666667,18.4506991666667,20.0808666666667
Honduras,"Interest Rates, Deposit Rate",Percent per Annum,International Financial Statistics (IFS),Published,Units,9.49083333333333,10.8166666666667,9.81368916666668,8.1821625,8.934915,11.6474283333333
Hungary,"Interest Rates, Discount Rate",Percent per Annum,International Financial Statistics (IFS),Published,Units,10,6.25,5.75,7,5.75,3
Hungary,"Interest Rates, Lending Rate",Percent per Annum,International Financial Statistics (IFS),Published,Units,10.1816677384355,11.0368622157409,7.58692511347841,8.32038166635834,9.00930082913334,6.330408203775
Hungary,"Interest Rates, Deposit Rate",Percent per Annum,International Financial Statistics (IFS),Published,Units,9.9215909004851,5.82230370426818,4.9176926812,6.1870649079,5.2931750328,2.459441112
Iceland,"Interest Rates, Discount Rate",Percent per Annum,International Financial Statistics (IFS),Published,Units,22,14.55,5.5,5.75,7,7
Iceland,"Interest Rates, Money Market Rate",Percent per Annum,International Financial Statistics (IFS),Published,Units,16.0459166666667,11.15,6.91666666666667,3.94166666666667,4.79583333333333,5.35416666666667
Iceland,"Interest Rates, Lending Rate",Percent per Annum,International Financial Statistics (IFS),Published,Units,20.143333,18.9876587233745,10.2570286966844,7.69807247344558,8.3243387717752,8.15166666666667
India,"Interest Rates, Discount Rate",Percent per Annum,International Financial Statistics (IFS),Published,Units,6,6,6,6,9,8.75
India,"Interest Rates, Money Market Rate",Percent per Annum,International Financial Statistics (IFS),Published,Units,11.5458333333333,4.49083333333333,6.5125,8.79583333333333,9.3375,8.58333333333333
India,"Interest Rates, Lending Rate",Percent per Annum,International Financial Statistics (IFS),Published,Units,13.3125,12.1875,8.33335,10.1666666666667,10.6041666666667,10.2916666666667
Indonesia,"Interest Rates, Money Market Rate",Percent per Annum,International Financial Statistics (IFS),Published,Units,8.47666666666667,7.1575,6.01117376447664,5.62,4.01166666666667,4.82959952286292
Indonesia,"Interest Rates, Lending Rate",Percent per Annum,International Financial Statistics (IFS),Published,Units,13.5983333333333,14.4983333333333,13.2516666666667,12.4033333333333,11.795,11.6575
Indonesia,"Interest Rates, Deposit Rate",Percent per Annum,International Financial Statistics (IFS),Published,Units,8.4925,9.27833333333333,7.01666666666667,6.93083333333333,5.94666666666667,6.26416666666667
"Iran, Islamic Republic of","Interest Rates, Lending Rate",Percent per Annum,International Financial Statistics (IFS),Published,Units,12,12,12,11,11,11
"Iran, Islamic Republic of","Interest Rates, Deposit Rate",Percent per Annum,International Financial Statistics (IFS),Published,Units,13.3048512276057,13.14,11.94,11.1615765030269,14.8118430175014,14.7627730560652
Iraq,"Interest Rates, Lending Rate",Percent per Annum,International Financial Statistics (IFS),Published,Units,19.495,15.6283333333333,13.3258333333333,13.6066666666667,13.0341666666667,13.1258333333333
Iraq,"Interest Rates, Deposit Rate",Percent per Annum,International Financial Statistics (IFS),Published,Units,10.54,7.81916666666667,6.0575,5.9125,5.87416666666667,5.74666666666667
Ireland,"Interest Rates, Money Market Rate",Percent per Annum,International Financial Statistics (IFS),Published,Units,2.99,0.48,0.81,1.143,0.1106,0.2144
Israel,"Interest Rates, Discount Rate",Percent per Annum,International Financial Statistics (IFS),Published,Units,3.73686160643895,0.774404481053353,1.6174602607886,2.91974063714345,2.38225523630778,1.39882911245028
Israel,"Interest Rates, Lending Rate",Percent per Annum,International Financial Statistics (IFS),Published,Units,6.5841883,4.20097751666667,4.96482633333333,5.9691471,5.55151084166667,
Israel,"Interest Rates, Deposit Rate",Percent per Annum,International Financial Statistics (IFS),Published,Units,3.29795666666667,1.07415855833333,1.554359325,2.5207887,2.2033164,
Italy,"Interest Rates, Money Market Rate",Percent per Annum,International Financial Statistics (IFS),Published,Units,4.66760166666667,1.28416666666667,1.0225,2.72583333333333,2.12,
Italy,"Interest Rates, Lending Rate",Percent per Annum,International Financial Statistics (IFS),Published,Units,6.83731,4.75666666666667,4.03166666666667,4.59916666666667,5.2225,5.14416666666667
Jamaica,"Interest Rates, Money Market Rate",Percent per Annum,International Financial Statistics (IFS),Published,Units,10.7791666666667,8.78571785714286,5.44315714285714,3.59018095238095,4.69791666666667,5.26154761904762
Jamaica,"Interest Rates, Lending Rate",Percent per Annum,International Financial Statistics (IFS),Published,Units,16.8258333333333,16.4320115952232,20.4544535988841,19.5092792933096,17.6282722449123,17.7164575640672
Jamaica,"Interest Rates, Deposit Rate",Percent per Annum,International Financial Statistics (IFS),Published,Units,7.55583333333333,6.96610368373913,6.34764218291018,3.86270874110027,3.53271875714063,3.6564973501515
Japan,"Interest Rates, Discount Rate",Percent per Annum,International Financial Statistics (IFS),Published,Units,0.3,0.3,0.3,0.3,0.3,0.3
Japan,"Interest Rates, Money Market Rate",Percent per Annum,International Financial Statistics (IFS),Published,Units,0.461416666666667,0.10525,0.0935,0.07775,0.0825833333333333,0.0751666666666667
Japan,"Interest Rates, Lending Rate",Percent per Annum,International Financial Statistics (IFS),Published,Units,1.9095,1.72333333333333,1.59833333333333,1.50091666666667,1.4075,1.30375
Japan,"Interest Rates, Deposit Rate",Percent per Annum,International Financial Statistics (IFS),Published,Units,0.58875,0.434916666666667,0.500083333333333,0.461583333333333,0.478,0.542166666666667
Jordan,"Interest Rates, Discount Rate",Percent per Annum,International Financial Statistics (IFS),Published,Units,6.25,4.75,4.25,4.5,5,4.5
Jordan,"Interest Rates, Money Market Rate",Percent per Annum,International Financial Statistics (IFS),Published,Units,4.93825,3.32733333333333,2.19166666666667,2.5565,3.62158333333333,4.09575
Jordan,"Interest Rates, Lending Rate",Percent per Annum,International Financial Statistics (IFS),Published,Units,9.0275,9.24666666666667,9.02416666666667,8.71333333333333,8.78083333333334,9.01
Jordan,"Interest Rates, Deposit Rate",Percent per Annum,International Financial Statistics (IFS),Published,Units,5.46083333333333,4.94416666666667,3.5275,3.395,3.77166666666667,4.8475
Kenya,"Interest Rates, Lending Rate",Percent per Annum,International Financial Statistics (IFS),Published,Units,14.0169393773033,14.8045412422178,14.3715,15.0467599904394,19.7234066533954,17.3134576914047
Kenya,"Interest Rates, Deposit Rate",Percent per Annum,International Financial Statistics (IFS),Published,Units,5.30213063373777,5.96701675024746,4.55736666666667,5.62856339761252,11.5721446572897,8.64176967105701
"Korea, Republic of","Interest Rates, Discount Rate",Percent per Annum,International Financial Statistics (IFS),Published,Units,1.75,1.25,1.25,1.5,1.25,1
"Korea, Republic of","Interest Rates, Money Market Rate",Percent per Annum,International Financial Statistics (IFS),Published,Units,4.78333333333333,1.9825,2.1575,3.09,3.07666666666667,2.58583333333333
"Korea, Republic of","Interest Rates, Lending Rate",Percent per Annum,International Financial Statistics (IFS),Published,Units,7.16833333333333,5.64916666666667,5.51166666666666,5.7575,5.39583333333334,4.64333333333333
"Korea, Republic of","Interest Rates, Deposit Rate",Percent per Annum,International Financial Statistics (IFS),Published,Units,5.87083333333333,3.4825,3.85666666666667,4.1525,3.70083333333333,2.89083333333333
"Kosovo, Republic of","Interest Rates, Lending Rate",Percent per Annum,International Financial Statistics (IFS),Published,Units,13.7853391777085,14.0869,14.3073970552047,13.8628788882954,12.860160374287,11.0697
"Kosovo, Republic of","Interest Rates, Deposit Rate",Percent per Annum,International Financial Statistics (IFS),Published,Units,4.4207616345927,3.9776,3.37933908533708,3.6189733864696,3.73693267673901,2.3873
Kuwait,"Interest Rates, Discount Rate",Percent per Annum,International Financial Statistics (IFS),Published,Units,3.75,3,2.5,2.5,2,
Kuwait,"Interest Rates, Money Market Rate",Percent per Annum,International Financial Statistics (IFS),Published,Units,2.79621666666667,1.59511666666666,0.906608333333333,0.937933333333333,0.807766666666667,
Kuwait,"Interest Rates, Lending Rate",Percent per Annum,International Financial Statistics (IFS),Published,Units,7.61299166666667,6.157775,4.91164166666667,5.19309166666667,4.98379166666667,
Kuwait,"Interest Rates, Deposit Rate",Percent per Annum,International Financial Statistics (IFS),Published,Units,4.805675,2.83054166666667,2.33673333333333,2.16128333333334,2.0418,
Kyrgyz Republic,"Interest Rates, Discount Rate",Percent per Annum,International Financial Statistics (IFS),Published,Units,15.11325,9.07266666666667,3.296,13.0478333333333,8.04783333333333,4.24333333333333
Kyrgyz Republic,"Interest Rates, Money Market Rate",Percent per Annum,International Financial Statistics (IFS),Published,Units,7.61758968460367,7.31791666666667,4.54,9.06832472660997,8.13079331450094,7.03333333333333
Kyrgyz Republic,"Interest Rates, Lending Rate",Percent per Annum,International Financial Statistics (IFS),Published,Units,19.855900621118,23.03,31.54,40.21,12.75,16.25
Kyrgyz Republic,"Interest Rates, Deposit Rate",Percent per Annum,International Financial Statistics (IFS),Published,Units,3.99374618950862,3.87394295702019,4.13386036722454,6.40427167354201,5.2928571313925,4.86592583529723
Lao People's Democratic Republic,"Interest Rates, Discount Rate",Percent per Annum,International Financial Statistics (IFS),Published,Units,7.66666666666667,4.75,4.33333333333333,,,
Lao People's Democratic Republic,"Interest Rates, Lending Rate",Percent per Annum,International Financial Statistics (IFS),Published,Units,24,24.775,22.6125,,,
Lao People's Democratic Republic,"Interest Rates, Deposit Rate",Percent per Annum,International Financial Statistics (IFS),Published,Units,4.66666666666667,3.25,3,,,
Latvia,"Interest Rates, Discount Rate",Percent per Annum,International Financial Statistics (IFS),Published,Units,6,4,3.5,3.5,2.5,0.25
Latvia,"Interest Rates, Money Market Rate",Percent per Annum,International Financial Statistics (IFS),Published,Units,4.09416666666667,3.9225,0.7275,0.31,0.2375,0.0691666666666667
Latvia,"Interest Rates, Lending Rate",Percent per Annum,International Financial Statistics (IFS),Published,Units,11.8525,16.23,9.55833333333332,6.38833333333333,5.5175,5.92333333333333
Latvia,"Interest Rates, Deposit Rate",Percent per Annum,International Financial Statistics (IFS),Published,Units,6.33916666666667,8.04333333333333,1.865,0.508333333333333,0.3675,0.128333333333333
Lebanon,"Interest Rates, Discount Rate",Percent per Annum,International Financial Statistics (IFS),Published,Units,12,10,10,10,10,10
Lebanon,"Interest Rates, Lending Rate",Percent per Annum,International Financial Statistics (IFS),Published,Units,9.96416666666667,9.56833333333334,8.33666666666667,7.5275,7.24916666666667,7.34833333333333
Lebanon,"Interest Rates, Deposit Rate",Percent per Annum,International Financial Statistics (IFS),Published,Units,7.70416666666667,7.3175,6.1975,5.88416666666667,5.7725,5.82833333333333
Lesotho,"Interest Rates, Discount Rate",Percent per Annum,International Financial Statistics (IFS),Published,Units,14.05,10.66,9.52,9.28,9.37,9.184
Lesotho,"Interest Rates, Lending Rate",Percent per Annum,International Financial Statistics (IFS),Published,Units,16.1869444444444,13,11.2225,10.4291666666667,10.1191666666667,9.92
Lesotho,"Interest Rates, Deposit Rate",Percent per Annum,International Financial Statistics (IFS),Published,Units,7.64166666666667,4.85,3.68333333333333,2.695,2.85,2.85
Liberia,"Interest Rates, Lending Rate",Percent per Annum,International Financial Statistics (IFS),Published,Units,14.3980288602552,14.1866666666667,14.2425,13.7508333333333,13.5183333333333,13.4893929815199
Liberia,"Interest Rates, Deposit Rate",Percent per Annum,International Financial Statistics (IFS),Published,Units,3.99583333333333,4.10833333333333,3.54166666666667,3.03333333333333,3.5,3.87170393303303
Libya,"Interest Rates, Discount Rate",Percent per Annum,International Financial Statistics (IFS),Published,Units,5,3,3,3,3,3
Libya,"Interest Rates, Lending Rate",Percent per Annum,International Financial Statistics (IFS),Published,Units,6,6,6,6,6,6
Libya,"Interest Rates, Deposit Rate",Percent per Annum,International Financial Statistics (IFS),Published,Units,2.5,2.5,2.5,2.5,2.5,2.5
Lithuania,"Interest Rates, Money Market Rate",Percent per Annum,International Financial Statistics (IFS),Published,Units,3.95333333333333,0.881666666666667,0.2225,0.748333333333334,0.1425,0.121666666666667
Lithuania,"Interest Rates, Lending Rate",Percent per Annum,International Financial Statistics (IFS),Published,Units,8.40916666666667,8.39333333333333,5.98916666666667,,,
Lithuania,"Interest Rates, Deposit Rate",Percent per Annum,International Financial Statistics (IFS),Published,Units,7.65,4.81,1.71,,,
"Macedonia, FYR","Interest Rates, Discount Rate",Percent per Annum,International Financial Statistics (IFS),Published,Units,6.5,6.5,5,4,3.75,3.5
"Macedonia, FYR","Interest Rates, Lending Rate",Percent per Annum,International Financial Statistics (IFS),Published,Units,9.68333333333333,10.0733808601181,9.48333333333333,8.8684612553616,8.49512418361093,8.04315628416412
"Macedonia, FYR","Interest Rates, Deposit Rate",Percent per Annum,International Financial Statistics (IFS),Published,Units,5.89166666666667,7.04584683639284,7.06666666666667,5.91111173894168,5.08918527690409,4.41845864899974
Madagascar,"Interest Rates, Money Market Rate",Percent per Annum,International Financial Statistics (IFS),Published,Units,11.5,9.5,9.5,9.5,,
Madagascar,"Interest Rates, Lending Rate",Percent per Annum,International Financial Statistics (IFS),Published,Units,45,45,49,52.5,60,60
Madagascar,"Interest Rates, Deposit Rate",Percent per Annum,International Financial Statistics (IFS),Published,Units,11.5,11.5,10.5,10.65,10.5,10.75
Malawi,"Interest Rates, Discount Rate",Percent per Annum,International Financial Statistics (IFS),Published,Units,15,15,13,13,25,25
Malawi,"Interest Rates, Lending Rate",Percent per Annum,International Financial Statistics (IFS),Published,Units,25.2777777777778,25.25,24.625,23.75,32.3298611111111,46.0111742424242
Malawi,"Interest Rates, Deposit Rate",Percent per Annum,International Financial Statistics (IFS),Published,Units,3.5,3.5,3.60416666666667,4.11284722222222,11.0761237373737,18.4097222222222
Malaysia,"Interest Rates, Money Market Rate",Percent per Annum,International Financial Statistics (IFS),Published,Units,3.47233333333333,2.12216666666667,2.44841666666667,2.88416666666667,2.98833333333333,2.9875
Malaysia,"Interest Rates, Lending Rate",Percent per Annum,International Financial Statistics (IFS),Published,Units,6.08,5.08416666666667,5,4.915,4.78583333333333,4.6125
Malaysia,"Interest Rates, Deposit Rate",Percent per Annum,International Financial Statistics (IFS),Published,Units,3.12583333333333,2.08166666666667,2.5025,2.91083333333333,2.98083333333333,2.97
Maldives,"Interest Rates, Discount Rate",Percent per Annum,International Financial Statistics (IFS),Published,Units,13,13,16,16,16,12
Maldives,"Interest Rates, Lending Rate",Percent per Annum,International Financial Statistics (IFS),Published,Units,13,13,10.37605,10.1972219467061,10.4838045042368,11.141907371532
Maldives,"Interest Rates, Deposit Rate",Percent per Annum,International Financial Statistics (IFS),Published,Units,6.5,6.5,4.049425,4.17332354550381,3.73076400533636,3.80652972248036
Mali,"Interest Rates, Deposit Rate",Percent per Annum,International Financial Statistics (IFS),Published,Units,3.5,3.5,3.5,3.5,3.5,3.5
Malta,"Interest Rates, Lending Rate",Percent per Annum,International Financial Statistics (IFS),Published,Units,5.88833333333333,4.47083333333334,4.6,4.74583333333333,4.7025,
Mauritania,"Interest Rates, Discount Rate",Percent per Annum,International Financial Statistics (IFS),Published,Units,12,9,9,9,9,
Mauritania,"Interest Rates, Lending Rate",Percent per Annum,International Financial Statistics (IFS),Published,Units,20.3333333333333,19.5,17,17,17,
Mauritania,"Interest Rates, Deposit Rate",Percent per Annum,International Financial Statistics (IFS),Published,Units,8,8,8,8,5.81,
Mauritius,"Interest Rates, Money Market Rate",Percent per Annum,International Financial Statistics (IFS),Published,Units,7.51957993832266,4.63203096821386,3.07174150685891,2.32711018895494,1.82266871214125,1.84638432836924
Mauritius,"Interest Rates, Lending Rate",Percent per Annum,International Financial Statistics (IFS),Published,Units,11.5416666666667,9.25,8.875,8.91666666666667,8.66666666666667,8.5
Mauritius,"Interest Rates, Deposit Rate",Percent per Annum,International Financial Statistics (IFS),Published,Units,10.1083333333333,8.44583333333333,8.35,7.10833333333333,6.23333333333333,6.8125
Mexico,"Interest Rates, Money Market Rate",Percent per Annum,International Financial Statistics (IFS),Published,Units,8.27583333333333,5.93333333333333,4.91,4.82416666666667,4.78916666666667,4.28166666666667
Mexico,"Interest Rates, Lending Rate",Percent per Annum,International Financial Statistics (IFS),Published,Units,8.70576785663225,7.07416666666667,5.28666666666667,4.91583333333333,4.73083333333333,4.24833333333333
Mexico,"Interest Rates, Deposit Rate",Percent per Annum,International Financial Statistics (IFS),Published,Units,3.0425,2.01083333333333,1.2125,0.955833333333333,1.08166666666667,1.33166666666667
"Micronesia, Federated States of","Interest Rates, Lending Rate",Percent per Annum,International Financial Statistics (IFS),Published,Units,14.3783333333333,15.38,15.13,14.35,14.32,14.825
"Micronesia, Federated States of","Interest Rates, Deposit Rate",Percent per Annum,International Financial Statistics (IFS),Published,Units,2.46666666666667,1.28583333333333,0.910833333333333,0.589166666666667,0.415833333333333,0.526666666666667
Moldova,"Interest Rates, Money Market Rate",Percent per Annum,International Financial Statistics (IFS),Published,Units,16.0058333333333,10.9291666666667,5.57666666666667,8.44166666666667,5.425,6.94583333333333
Moldova,"Interest Rates, Lending Rate",Percent per Annum,International Financial Statistics (IFS),Published,Units,21.0641666666667,20.5441666666667,16.36,14.4380437873132,13.4181543444526,12.2941666666667
Moldova,"Interest Rates, Deposit Rate",Percent per Annum,International Financial Statistics (IFS),Published,Units,17.9341666666667,14.9425,7.66916666666667,7.57286680104379,7.63194796606406,7.22833333333333
Mongolia,"Interest Rates, Lending Rate",Percent per Annum,International Financial Statistics (IFS),Published,Units,20.5833333333333,21.6669633454756,20.0687801614724,16.6094364473738,18.1138144349254,18.4820227869524
Mongolia,"Interest Rates, Deposit Rate",Percent per Annum,International Financial Statistics (IFS),Published,Units,11.3916666666667,13.2821191815202,11.8589785765078,10.474210650715,11.2737826937568,12.0456860948995
Montenegro,"Interest Rates, Lending Rate",Percent per Annum,International Financial Statistics (IFS),Published,Units,9.23833333333333,9.35916666666667,9.53,9.68666666666667,9.5625,9.39
Montenegro,"Interest Rates, Deposit Rate",Percent per Annum,International Financial Statistics (IFS),Published,Units,3.82231666666667,3.81166666666667,3.699525,3.13214166666667,3.26258333333333,2.91170833333334
Montserrat,"Interest Rates, Discount Rate",Percent per Annum,International Financial Statistics (IFS),Published,Units,6.5,6.5,6.5,6.5,6.5,6.5
Montserrat,"Interest Rates, Money Market Rate",Percent per Annum,International Financial Statistics (IFS),Published,Units,4.92166666666667,6.03223333333333,6.35875833333333,5.68368333333333,5.18705416666667,6.22901666666667
Montserrat,"Interest Rates, Lending Rate",Percent per Annum,International Financial Statistics (IFS),Published,Units,9.88809360752268,9.04292767724777,8.72624916557113,8.55941149168975,8.16106409051443,7.99886575206122
Montserrat,"Interest Rates, Deposit Rate",Percent per Annum,International Financial Statistics (IFS),Published,Units,2.51806723065323,2.68829367710617,2.59941095075841,2.4200745667284,2.3685143385697,2.03921793195387
Morocco,"Interest Rates, Discount Rate",Percent per Annum,International Financial Statistics (IFS),Published,Units,3.3175,3.3075,3.25,3.25,3.04166666666667,3
Morocco,"Interest Rates, Money Market Rate",Percent per Annum,International Financial Statistics (IFS),Published,Units,3.37183333333333,3.25761666666667,3.28980331541219,3.292,3.1868896953405,3.05719796466974
Morocco,"Interest Rates, Deposit Rate",Percent per Annum,International Financial Statistics (IFS),Published,Units,3.91416666666667,3.80916666666667,3.69416666666667,3.75666666666667,3.83416666666667,3.91416666666667
Mozambique,"Interest Rates, Discount Rate",Percent per Annum,International Financial Statistics (IFS),Published,Units,9.95,9.95,9.95,9.95,9.95,9.95
Mozambique,"Interest Rates, Money Market Rate",Percent per Annum,International Financial Statistics (IFS),Published,Units,12.8358333333333,8.66166666666667,10.2406526460458,14.0601138853654,5.79333333333333,3.23845861499798
Mozambique,"Interest Rates, Lending Rate",Percent per Annum,International Financial Statistics (IFS),Published,Units,18.31,15.6756666666667,16.2626666666667,19.099605952381,16.8135416666667,15.3287037037037
Mozambique,"Interest Rates, Deposit Rate",Percent per Annum,International Financial Statistics (IFS),Published,Units,10.9847672018614,9.5229959824395,9.68444213399616,12.9827651515152,11.4324745961984,8.79509633298215
Myanmar,"Interest Rates, Discount Rate",Percent per Annum,International Financial Statistics (IFS),Published,Units,12,12,12,12,10,10
Myanmar,"Interest Rates, Lending Rate",Percent per Annum,International Financial Statistics (IFS),Published,Units,17,17,17,16.3333333333333,13,13
Myanmar,"Interest Rates, Deposit Rate",Percent per Annum,International Financial Statistics (IFS),Published,Units,12,12,12,11.3333333333333,8,8
Namibia,"Interest Rates, Money Market Rate",Percent per Annum,International Financial Statistics (IFS),Published,Units,9.37166666666667,7.74666666666667,,,,
Namibia,"Interest Rates, Lending Rate",Percent per Annum,International Financial Statistics (IFS),Published,Units,13.7366666666667,11.1183333333334,9.71999999999999,8.73,8.651875,8.28916666666667
Namibia,"Interest Rates, Deposit Rate",Percent per Annum,International Financial Statistics (IFS),Published,Units,8.38416666666667,6.24166666666667,4.99666666666667,4.2825,4.20875,3.9775
Nepal,"Interest Rates, Discount Rate",Percent per Annum,International Financial Statistics (IFS),Published,Units,1.5,1.5,1.5,1.5,1.5,1
Nepal,"Interest Rates, Lending Rate",Percent per Annum,International Financial Statistics (IFS),Published,Units,8,8,8,,,
Nepal,"Interest Rates, Deposit Rate",Percent per Annum,International Financial Statistics (IFS),Published,Units,2.39583333333333,2.5,3.625,,,
Netherlands,"Interest Rates, Lending Rate",Percent per Annum,International Financial Statistics (IFS),Published,Units,4.60416666666667,1.98333333333333,1.75,2,1.625,
Netherlands,"Interest Rates, Deposit Rate",Percent per Annum,International Financial Statistics (IFS),Published,Units,4.37083333333333,2.59751666666667,2.347175,2.60671666666667,2.73704166666667,
Netherlands Antilles,"Interest Rates, Lending Rate",Percent per Annum,International Financial Statistics (IFS),Published,Units,8.41208333333333,7.50569444444444,,,,
Netherlands Antilles,"Interest Rates, Deposit Rate",Percent per Annum,International Financial Statistics (IFS),Published,Units,2.29041666666667,2.16180555555556,,,,
New Zealand,"Interest Rates, Money Market Rate",Percent per Annum,International Financial Statistics (IFS),Published,Units,7.55245,2.816875,2.61493333333333,2.497225,2.46273229395403,2.47388426111297
New Zealand,"Interest Rates, Lending Rate",Percent per Annum,International Financial Statistics (IFS),Published,Units,8.93853268110941,6.65675979597309,6.25545424755873,6.10883251498722,5.82383752043118,5.53319262672035
New Zealand,"Interest Rates, Deposit Rate",Percent per Annum,International Financial Statistics (IFS),Published,Units,7.55144166666667,4.0398,4.5832508089838,4.2720558486975,4.10811230061373,3.82709315011559
Nicaragua,"Interest Rates, Lending Rate",Percent per Annum,International Financial Statistics (IFS),Published,Units,13.1693503603881,14.0446746261656,13.3199668556874,10.5378350892065,11.9943081563015,14.9846018898851
Nicaragua,"Interest Rates, Deposit Rate",Percent per Annum,International Financial Statistics (IFS),Published,Units,6.57258715229673,6.00800969756185,2.99132829223272,1.84691917709322,0.995837711057706,1.01051054660565
Niger,"Interest Rates, Deposit Rate",Percent per Annum,International Financial Statistics (IFS),Published,Units,3.5,3.5,3.5,3.5,3.5,3.5
Nigeria,"Interest Rates, Discount Rate",Percent per Annum,International Financial Statistics (IFS),Published,Units,9.75,6,6.25,12,12,12
Nigeria,"Interest Rates, Lending Rate",Percent per Annum,International Financial Statistics (IFS),Published,Units,15.4798333333333,18.3616666666667,17.585,16.0166666666667,16.7925,16.7225
Nigeria,"Interest Rates, Deposit Rate",Percent per Annum,International Financial Statistics (IFS),Published,Units,11.9708333333333,13.2966666666667,6.52083333333333,5.69916666666667,8.4075,7.945
Norway,"Interest Rates, Money Market Rate",Percent per Annum,International Financial Statistics (IFS),Published,Units,6.06440085887909,,,,,
Norway,"Interest Rates, Lending Rate",Percent per Annum,International Financial Statistics (IFS),Published,Units,7.27897029180862,4.28,,,,
Norway,"Interest Rates, Deposit Rate",Percent per Annum,International Financial Statistics (IFS),Published,Units,5.49812321072228,2.28,,,,
Oman,"Interest Rates, Discount Rate",Percent per Annum,International Financial Statistics (IFS),Published,Units,7.5,7.5,7.5,7.5,7.5,7.5
Oman,"Interest Rates, Money Market Rate",Percent per Annum,International Financial Statistics (IFS),Published,Units,0.292,0.076,0.098,0.108,0.168,0.12
Oman,"Interest Rates, Lending Rate",Percent per Annum,International Financial Statistics (IFS),Published,Units,7.099,7.442,6.835,6.189,5.651,5.409
Oman,"Interest Rates, Deposit Rate",Percent per Annum,International Financial Statistics (IFS),Published,Units,4.48,4.141,3.366,2.799,2.624,2.386
Pakistan,"Interest Rates, Discount Rate",Percent per Annum,International Financial Statistics (IFS),Published,Units,15,12.5,14,12,9.5,10
Pakistan,"Interest Rates, Money Market Rate",Percent per Annum,International Financial Statistics (IFS),Published,Units,12.3341666666667,11.9625,11.6940916666667,12.471975,10.4539083333333,8.80624166666667
Pakistan,"Interest Rates, Deposit Rate",Percent per Annum,International Financial Statistics (IFS),Published,Units,6.91833333333333,8.68083333333333,8.145,8.22583333333333,7.97916666666667,7.17166666666667
Panama,"Interest Rates, Money Market Rate",Percent per Annum,International Financial Statistics (IFS),Published,Units,2.573,0.41825,0.28125,0.302291666666667,0.249791666666667,0.812291666666666
Panama,"Interest Rates, Lending Rate",Percent per Annum,International Financial Statistics (IFS),Published,Units,8.16337565890172,8.24774008458057,7.735,6.90583333333333,6.91,6.59416666666667
Panama,"Interest Rates, Deposit Rate",Percent per Annum,International Financial Statistics (IFS),Published,Units,3.53106436583266,3.48893459661483,3.04333333333333,2.31916666666666,2.14333333333333,2.11625
Papua New Guinea,"Interest Rates, Discount Rate",Percent per Annum,International Financial Statistics (IFS),Published,Units,7,6.91666666666667,6,6.35416666666667,6.41666666666667,23.5625
Papua New Guinea,"Interest Rates, Money Market Rate",Percent per Annum,International Financial Statistics (IFS),Published,Units,5.5,7.66666666666667,7,6.97666666666667,7.66666666666667,6.75
Papua New Guinea,"Interest Rates, Lending Rate",Percent per Annum,International Financial Statistics (IFS),Published,Units,9.19666666666667,10.0941666666667,10.4458333333334,10.8083333333333,10.815,10.13
Papua New Guinea,"Interest Rates, Deposit Rate",Percent per Annum,International Financial Statistics (IFS),Published,Units,1.31366102093311,2.32333333333333,1.38333333333333,0.920000000000001,0.485833333333333,0.33
Paraguay,"Interest Rates, Discount Rate",Percent per Annum,International Financial Statistics (IFS),Published,Units,20,20,20,20,20,20
Paraguay,"Interest Rates, Money Market Rate",Percent per Annum,International Financial Statistics (IFS),Published,Units,4.495,8.93583333333333,1.84583333333333,7.69666666666667,6.625,6.25
Paraguay,"Interest Rates, Lending Rate",Percent per Annum,International Financial Statistics (IFS),Published,Units,25.8075011201113,28.2572034286683,26.0357467975156,17.3980540247749,17.1584673198116,19.2705731491781
Paraguay,"Interest Rates, Deposit Rate",Percent per Annum,International Financial Statistics (IFS),Published,Units,3.0775,1.45583333333333,1.2125,4.025,3.91583333333333,4.24
Peru,"Interest Rates, Discount Rate",Percent per Annum,International Financial Statistics (IFS),Published,Units,7.25,2.05,3.8,5.05,5.05,4.8
Peru,"Interest Rates, Money Market Rate",Percent per Annum,International Financial Statistics (IFS),Published,Units,6.5354,1.24234,2.9789,4.2422,4.2439,4.0884
Peru,"Interest Rates, Lending Rate",Percent per Annum,International Financial Statistics (IFS),Published,Units,23.6734449024808,21.0419233333333,18.9768683333333,18.677925,19.2369083333333,18.13925
Peru,"Interest Rates, Deposit Rate",Percent per Annum,International Financial Statistics (IFS),Published,Units,3.50643370558908,2.82828916666667,1.54321841666667,2.328,2.45663333333333,2.32486666666667
Philippines,"Interest Rates, Discount Rate",Percent per Annum,International Financial Statistics (IFS),Published,Units,4.79591666666667,3.92283333333333,3.875,4.35491666666667,3.9015,3.506125
Philippines,"Interest Rates, Money Market Rate",Percent per Annum,International Financial Statistics (IFS),Published,Units,5.47986666666667,4.53831666666667,4.1964,4.55571666666667,4.03474166666667,2.38105833333333
Philippines,"Interest Rates, Lending Rate",Percent per Annum,International Financial Statistics (IFS),Published,Units,8.75108333333333,8.56616666666667,7.67266666666667,6.66325,5.6795,5.76683333333333
Philippines,"Interest Rates, Deposit Rate",Percent per Annum,International Financial Statistics (IFS),Published,Units,4.4895,2.741,3.21966666666666,3.38791666666667,3.15591666666667,1.66183333333334
Poland,"Interest Rates, Money Market Rate",Percent per Annum,International Financial Statistics (IFS),Published,Units,5.74848333333333,3.17666666666667,3.07944,4.09501666666667,4.65915833333333,3.00917695930648
Qatar,"Interest Rates, Money Market Rate",Percent per Annum,International Financial Statistics (IFS),Published,Units,1.05833333333333,2.08905833333333,1.70370833333333,0.456575,0.755316666666667,0.772408333333333
Qatar,"Interest Rates, Lending Rate",Percent per Annum,International Financial Statistics (IFS),Published,Units,6.84416666666667,7.04416666666667,7.27144798099309,5.48705867283659,5.38110455030475,5.112674134
Qatar,"Interest Rates, Deposit Rate",Percent per Annum,International Financial Statistics (IFS),Published,Units,2.965,4.23666666666667,2.89854191794078,1.74783798612941,1.66721005660568,1.41783879619888
Romania,"Interest Rates, Discount Rate",Percent per Annum,International Financial Statistics (IFS),Published,Units,9.75,9.33083333333332,6.66666666666667,6.20833333333333,5.3125,4.8125
Romania,"Interest Rates, Money Market Rate",Percent per Annum,International Financial Statistics (IFS),Published,Units,11.3675,10.9175,5.44416666666667,4.80166666666667,4.5525,3.58166666666667
Romania,"Interest Rates, Lending Rate",Percent per Annum,International Financial Statistics (IFS),Published,Units,14.9883333333333,17.275,14.0725,12.1275,11.3291666666667,10.5225
Romania,"Interest Rates, Deposit Rate",Percent per Annum,International Financial Statistics (IFS),Published,Units,9.51333333333333,11.9866666666667,7.31333333333333,6.2975,5.505,4.55083333333333
Russian Federation,"Interest Rates, Money Market Rate",Percent per Annum,International Financial Statistics (IFS),Published,Units,5.475,7.775,3.06666666666667,3.925,5.5,6.1
Russian Federation,"Interest Rates, Lending Rate",Percent per Annum,International Financial Statistics (IFS),Published,Units,12.225,15.3083333333333,10.8166666666667,8.45833333333333,9.1,9.46666666666667
Russian Federation,"Interest Rates, Deposit Rate",Percent per Annum,International Financial Statistics (IFS),Published,Units,5.75833333333333,8.58333333333333,6.00833333333333,4.44166666666667,5.53333333333333,5.59166666666667
Rwanda,"Interest Rates, Discount Rate",Percent per Annum,International Financial Statistics (IFS),Published,Units,11.25,6,5.47,,,
Rwanda,"Interest Rates, Money Market Rate",Percent per Annum,International Financial Statistics (IFS),Published,Units,7.13,,6.88833333333333,,,
Rwanda,"Interest Rates, Lending Rate",Percent per Annum,International Financial Statistics (IFS),Published,Units,16.51,16.09,16.67,,,
Rwanda,"Interest Rates, Deposit Rate",Percent per Annum,International Financial Statistics (IFS),Published,Units,6.72,,7.1,,,
Samoa,"Interest Rates, Lending Rate",Percent per Annum,International Financial Statistics (IFS),Published,Units,12.6608333333333,12.0825,10.72,9.96249999999999,9.86,10.2008333333333
Samoa,"Interest Rates, Deposit Rate",Percent per Annum,International Financial Statistics (IFS),Published,Units,6.06083333333333,4.80583333333333,2.70083333333333,2.285,2.46916666666667,2.88083333333333
San Marino,"Interest Rates, Lending Rate",Percent per Annum,International Financial Statistics (IFS),Published,Units,7.8925,5.7425,5.3825,5.92,,
San Marino,"Interest Rates, Deposit Rate",Percent per Annum,International Financial Statistics (IFS),Published,Units,2.2275,0.9625,0.7075,1.0825,,
Sao Tome and Principe,"Interest Rates, Lending Rate",Percent per Annum,International Financial Statistics (IFS),Published,Units,32.4,31.1083333333333,28.8749722222222,26.95,26.1680555561112,23.28
Sao Tome and Principe,"Interest Rates, Deposit Rate",Percent per Annum,International Financial Statistics (IFS),Published,Units,12.75,11.9208333333333,11.115,12.36,12.8919444438888,9.38
Saudi Arabia,"Interest Rates, Money Market Rate",Percent per Annum,International Financial Statistics (IFS),Published,Units,,,0.7375,0.694466666666667,0.916233333333333,0.953239334413322
Senegal,"Interest Rates, Deposit Rate",Percent per Annum,International Financial Statistics (IFS),Published,Units,3.5,3.5,3.5,3.5,3.5,3.5
"Serbia, Republic of","Interest Rates, Money Market Rate",Percent per Annum,International Financial Statistics (IFS),Published,Units,15.5508,11.01,13.1,11.04,11.89,9.11
"Serbia, Republic of","Interest Rates, Lending Rate",Percent per Annum,International Financial Statistics (IFS),Published,Units,16.1267,11.78,17.3,17.17,18.2,17.07
"Serbia, Republic of","Interest Rates, Deposit Rate",Percent per Annum,International Financial Statistics (IFS),Published,Units,7.32,5.06,11.33,9.76,10.57,7.92
Seychelles,"Interest Rates, Lending Rate",Percent per Annum,International Financial Statistics (IFS),Published,Units,11.8077707180483,15.3472516088461,12.7026498136256,11.1899344887627,12.1911857642229,12.2868344650413
Seychelles,"Interest Rates, Deposit Rate",Percent per Annum,International Financial Statistics (IFS),Published,Units,3.96616615503841,9.76746400687391,2.85994658221167,2.08331761975456,3.29824626380438,3.42883588986758
Sierra Leone,"Interest Rates, Lending Rate",Percent per Annum,International Financial Statistics (IFS),Published,Units,24.5,22.1666666666667,21.25,21,21,20.56
Sierra Leone,"Interest Rates, Deposit Rate",Percent per Annum,International Financial Statistics (IFS),Published,Units,10.5925,9.7225,9.46666666666667,10.3113888888889,10.39,8.90916666666667
Singapore,"Interest Rates, Money Market Rate",Percent per Annum,International Financial Statistics (IFS),Published,Units,1.2975,0.69,0.563333333333333,0.413333333333333,0.38,0.395
Singapore,"Interest Rates, Lending Rate",Percent per Annum,International Financial Statistics (IFS),Published,Units,5.38,5.38,5.38,5.38,5.38,5.38
Singapore,"Interest Rates, Deposit Rate",Percent per Annum,International Financial Statistics (IFS),Published,Units,0.419166666666667,0.2925,0.205833333333333,0.168333333333333,0.135833333333333,0.14
Slovak Republic,"Interest Rates, Money Market Rate",Percent per Annum,International Financial Statistics (IFS),Published,Units,4.144545455,,,,,
Slovak Republic,"Interest Rates, Lending Rate",Percent per Annum,International Financial Statistics (IFS),Published,Units,5.761818182,,,,,
Slovak Republic,"Interest Rates, Deposit Rate",Percent per Annum,International Financial Statistics (IFS),Published,Units,3.759090909,,,,,
Slovenia,"Interest Rates, Money Market Rate",Percent per Annum,International Financial Statistics (IFS),Published,Units,4.2668,0.8975,0.566666666666666,1.175025,0.326025,0.129758333333333
Slovenia,"Interest Rates, Lending Rate",Percent per Annum,International Financial Statistics (IFS),Published,Units,6.65833333333333,5.94916666666667,,,,
Slovenia,"Interest Rates, Deposit Rate",Percent per Annum,International Financial Statistics (IFS),Published,Units,4.05166666666667,1.404444444,,,,
Solomon Islands,"Interest Rates, Lending Rate",Percent per Annum,International Financial Statistics (IFS),Published,Units,14.4358333333333,15.2633333333333,14.4336583333333,13.1723870873803,11.2788820201223,10.7739476118203
Solomon Islands,"Interest Rates, Deposit Rate",Percent per Annum,International Financial Statistics (IFS),Published,Units,0.95,4.14666666666667,3.28814923101627,1.9998150620064,0.859194173505447,0.291608985612359
South Africa,"Interest Rates, Money Market Rate",Percent per Annum,International Financial Statistics (IFS),Published,Units,11.3241666666667,8.1525,6.18583333333333,5.28666666666667,5.0675,4.79166666666667
South Africa,"Interest Rates, Lending Rate",Percent per Annum,International Financial Statistics (IFS),Published,Units,15.125,11.7083333333333,9.83333333333332,9,8.75,8.5
South Africa,"Interest Rates, Deposit Rate",Percent per Annum,International Financial Statistics (IFS),Published,Units,11.6125,8.53666666666668,6.465,5.6725,5.43666666666667,5.1525
South Sudan,"Interest Rates, Lending Rate",Percent per Annum,International Financial Statistics (IFS),Published,Units,,,,,14.7081918989701,14.1
South Sudan,"Interest Rates, Deposit Rate",Percent per Annum,International Financial Statistics (IFS),Published,Units,,,,,1.15344745601732,1.31
Spain,"Interest Rates, Money Market Rate",Percent per Annum,International Financial Statistics (IFS),Published,Units,3.85,0.675833333333334,0.453333333333333,1.0175,0.27,0.149166666666667
Sri Lanka,"Interest Rates, Discount Rate",Percent per Annum,International Financial Statistics (IFS),Published,Units,15,15,15,15,15,15
Sri Lanka,"Interest Rates, Money Market Rate",Percent per Annum,International Financial Statistics (IFS),Published,Units,21.2233333333333,11.6675,9.02208333333333,8.15333333333333,10.1125,8.76166666666667
Sri Lanka,"Interest Rates, Lending Rate",Percent per Annum,International Financial Statistics (IFS),Published,Units,18.8916666666667,15.6714583333333,10.2174166666667,9.411875,13.2816666666667,12.6191666666667
Sri Lanka,"Interest Rates, Deposit Rate",Percent per Annum,International Financial Statistics (IFS),Published,Units,10.8891666666667,10.6108333333333,6.89916666666667,6.43333333333333,8.66666666666667,10.2308333333333
St. Kitts and Nevis,"Interest Rates, Discount Rate",Percent per Annum,International Financial Statistics (IFS),Published,Units,6.5,6.5,6.5,6.5,6.5,6.5
St. Kitts and Nevis,"Interest Rates, Money Market Rate",Percent per Annum,International Financial Statistics (IFS),Published,Units,4.92166666666667,6.03223333333333,6.36836666666667,5.68368333333333,5.03760416666667,6.28401666666667
St. Kitts and Nevis,"Interest Rates, Lending Rate",Percent per Annum,International Financial Statistics (IFS),Published,Units,8.70234605404264,8.75231161283475,8.61681004027483,9.44508791429837,8.73398885413872,8.77635361152344
St. Kitts and Nevis,"Interest Rates, Deposit Rate",Percent per Annum,International Financial Statistics (IFS),Published,Units,4.5493046014204,4.5906545096741,4.59337940425058,4.46535566484007,4.27461850682493,3.7362458644477
St. Lucia,"Interest Rates, Discount Rate",Percent per Annum,International Financial Statistics (IFS),Published,Units,6.5,6.5,6.5,6.5,6.5,6.5
St. Lucia,"Interest Rates, Money Market Rate",Percent per Annum,International Financial Statistics (IFS),Published,Units,4.92166666666667,6.03223333333333,6.35875833333333,5.68368333333333,5.03760416666667,6.28401666666667
St. Lucia,"Interest Rates, Lending Rate",Percent per Annum,International Financial Statistics (IFS),Published,Units,10.0849310391437,10.5820111235866,10.6165388642549,10.0020504342406,9.50031901972522,9.07521429780519
St. Lucia,"Interest Rates, Deposit Rate",Percent per Annum,International Financial Statistics (IFS),Published,Units,3.25983350492109,3.25129155152766,3.32395058557246,3.49423406657196,3.05805383397249,2.93423818513956
St. Vincent and the Grenadines,"Interest Rates, Discount Rate",Percent per Annum,International Financial Statistics (IFS),Published,Units,6.5,6.5,6.5,6.5,6.5,6.5
St. Vincent and the Grenadines,"Interest Rates, Money Market Rate",Percent per Annum,International Financial Statistics (IFS),Published,Units,4.92166666666667,6.03223333333333,6.35875833333333,5.68368333333333,5.18705416666667,6.28401666666667
St. Vincent and the Grenadines,"Interest Rates, Lending Rate",Percent per Annum,International Financial Statistics (IFS),Published,Units,9.52441609219704,9.18656075402981,9.17183767616861,9.13637805336276,9.41440897330206,9.43978132892116
St. Vincent and the Grenadines,"Interest Rates, Deposit Rate",Percent per Annum,International Financial Statistics (IFS),Published,Units,2.79156656353012,2.93935813963752,2.85959053880217,2.99205474004285,2.87588175810801,2.7331220152054
Suriname,"Interest Rates, Lending Rate",Percent per Annum,International Financial Statistics (IFS),Published,Units,12.2,11.65,11.5905430605278,11.7611090271062,11.7416666666667,11.9833333333334
Suriname,"Interest Rates, Deposit Rate",Percent per Annum,International Financial Statistics (IFS),Published,Units,6.34166666666667,6.375,6.16643465068186,6.38880225596049,6.79166666666667,7.09166666666667
Swaziland,"Interest Rates, Discount Rate",Percent per Annum,International Financial Statistics (IFS),Published,Units,11,6.5,5.5,5.5,5,5
Swaziland,"Interest Rates, Money Market Rate",Percent per Annum,International Financial Statistics (IFS),Published,Units,8.16666666666667,5.40333333333333,3.85333333333333,2.85,2.465,2.08
Swaziland,"Interest Rates, Lending Rate",Percent per Annum,International Financial Statistics (IFS),Published,Units,14.8333333333333,11.375,9.75,9,8.75,8.5
Swaziland,"Interest Rates, Deposit Rate",Percent per Annum,International Financial Statistics (IFS),Published,Units,8.16666666666667,5.40333333333333,3.85333333333333,2.85,2.465,2.08
Sweden,"Interest Rates, Money Market Rate",Percent per Annum,International Financial Statistics (IFS),Published,Units,4.37896666666667,0.767225,0.666841666666667,2.0675,1.65913333333333,1.06935833333333
Switzerland,"Interest Rates, Money Market Rate",Percent per Annum,International Financial Statistics (IFS),Published,Units,0.01,0.05,0.04,0.07,-0.02,0.01
Switzerland,"Interest Rates, Lending Rate",Percent per Annum,International Financial Statistics (IFS),Published,Units,3.3425,2.75083333333334,2.73333333333333,2.71833333333333,2.68833333333333,2.68916666666667
Switzerland,"Interest Rates, Deposit Rate",Percent per Annum,International Financial Statistics (IFS),Published,Units,0.16,0.08,0.08,0.03,0.03,0.03
Syrian Arab Republic,"Interest Rates, Discount Rate",Percent per Annum,International Financial Statistics (IFS),Published,Units,5,5,5,,,
Syrian Arab Republic,"Interest Rates, Lending Rate",Percent per Annum,International Financial Statistics (IFS),Published,Units,10.1880127037873,10.005777609647,9.9009,,,
Syrian Arab Republic,"Interest Rates, Deposit Rate",Percent per Annum,International Financial Statistics (IFS),Published,Units,8.11866670689836,6.34768316951748,6.2159,,,
Tajikistan,"Interest Rates, Money Market Rate",Percent per Annum,International Financial Statistics (IFS),Published,Units,18.0322453067782,24.1927638583287,17.5941580170633,19.5623584533945,16.486926907013,15.6314325893983
Tajikistan,"Interest Rates, Lending Rate",Percent per Annum,International Financial Statistics (IFS),Published,Units,23.6721817596637,22.5957772163607,24.1903157681596,24.8368083176032,25.1866287739858,23.699256633939
Tajikistan,"Interest Rates, Deposit Rate",Percent per Annum,International Financial Statistics (IFS),Published,Units,9.3702598365416,7.58063046634046,8.64764011395425,8.23675339049387,7.67463613213552,6.57881884807327
Tanzania,"Interest Rates, Discount Rate",Percent per Annum,International Financial Statistics (IFS),Published,Units,15.99,3.70025,7.58,12,12,12
Tanzania,"Interest Rates, Lending Rate",Percent per Annum,International Financial Statistics (IFS),Published,Units,14.9821346779129,15.0304818249447,14.5459146984998,14.9618731679765,15.4604641397482,15.8164148289259
Tanzania,"Interest Rates, Deposit Rate",Percent per Annum,International Financial Statistics (IFS),Published,Units,8.25265193666667,7.97180226069304,6.56575385183402,6.77701503699799,9.51182288939975,9.76643321800783
Thailand,"Interest Rates, Discount Rate",Percent per Annum,International Financial Statistics (IFS),Published,Units,3.25,1.75,2.5,3.75,3.25,2.75
Thailand,"Interest Rates, Money Market Rate",Percent per Annum,International Financial Statistics (IFS),Published,Units,3.28083333333333,1.205,1.25083333333333,2.795,2.88666666666667,2.5388446969697
Thailand,"Interest Rates, Lending Rate",Percent per Annum,International Financial Statistics (IFS),Published,Units,7.04166666666667,5.9625,5.935,6.91416666666666,7.0975,6.95833333333333
Thailand,"Interest Rates, Deposit Rate",Percent per Annum,International Financial Statistics (IFS),Published,Units,2.47916666666667,1.04166666666667,1.0125,2.2775,2.79583333333333,2.88333333333333
"Timor-Leste, Dem. Rep. of","Interest Rates, Lending Rate",Percent per Annum,International Financial Statistics (IFS),Published,Units,13.109899177723,11.1653013816104,11.02887752561,11.0429658030163,12.2102699177394,12.4128208969322
"Timor-Leste, Dem. Rep. of","Interest Rates, Deposit Rate",Percent per Annum,International Financial Statistics (IFS),Published,Units,0.796569190475439,0.83079213198143,0.813286263330464,0.846122688717964,0.905304976735008,0.900322602378128
Togo,"Interest Rates, Deposit Rate",Percent per Annum,International Financial Statistics (IFS),Published,Units,3.5,3.5,3.5,3.5,3.5,3.5
Tonga,"Interest Rates, Lending Rate",Percent per Annum,International Financial Statistics (IFS),Published,Units,12.4578760300975,12.4661884579545,11.5356079717047,11.3719390589853,10.0256930554226,9.66325145214313
Tonga,"Interest Rates, Deposit Rate",Percent per Annum,International Financial Statistics (IFS),Published,Units,6.52500000027778,5.25888888888889,4.02778888888889,3.91666666666667,2.82400068484198,2.73259091105897
Trinidad and Tobago,"Interest Rates, Discount Rate",Percent per Annum,International Financial Statistics (IFS),Published,Units,10.75,7.25,5.75,5,4.75,4.75
Trinidad and Tobago,"Interest Rates, Lending Rate",Percent per Annum,International Financial Statistics (IFS),Published,Units,12.4375,11.9375,9.2825,7.96916666666667,7.70833333333333,7.5
Trinidad and Tobago,"Interest Rates, Deposit Rate",Percent per Annum,International Financial Statistics (IFS),Published,Units,7.37,3.41833333333333,1.505,1.5,1.5,1.5
Tunisia,"Interest Rates, Money Market Rate",Percent per Annum,International Financial Statistics (IFS),Published,Units,5.21333333333333,4.30416666666667,4.43166666666667,4.02666666666667,3.76833333333333,4.59333333333333
Turkey,"Interest Rates, Discount Rate",Percent per Annum,International Financial Statistics (IFS),Published,Units,25,15,14,17,13.5,10.25
Turkey,"Interest Rates, Deposit Rate",Percent per Annum,International Financial Statistics (IFS),Published,Units,22.9133333333333,17.6491666666667,15.2691666666667,14.2166666666667,16.3516666666667,15.7633333333333
Uganda,"Interest Rates, Discount Rate",Percent per Annum,International Financial Statistics (IFS),Published,Units,19.42,9.65,11.967,29,17,15.5
Uganda,"Interest Rates, Lending Rate",Percent per Annum,International Financial Statistics (IFS),Published,Units,20.450066096838,20.9551657814281,20.1746301259357,21.8331893742797,26.3113691206892,23.2514019922016
Uganda,"Interest Rates, Deposit Rate",Percent per Annum,International Financial Statistics (IFS),Published,Units,10.6705362316752,9.75250938918253,7.68727600132163,13.0184248002232,16.2283582645459,11.8407881995904
Ukraine,"Interest Rates, Money Market Rate",Percent per Annum,International Financial Statistics (IFS),Published,Units,13.7142833333333,12.6383833333333,3.42354166666667,7.11221666666667,12.1545,4.49968333333333
Ukraine,"Interest Rates, Lending Rate",Percent per Annum,International Financial Statistics (IFS),Published,Units,17.4925,20.8633333333333,15.8683916666667,15.947225,18.3922166666667,16.6492
Ukraine,"Interest Rates, Deposit Rate",Percent per Annum,International Financial Statistics (IFS),Published,Units,9.94879166666667,13.7608666666667,10.5557083333333,7.89835833333333,12.9611916666667,10.77735
United Kingdom,"Interest Rates, Money Market Rate",Percent per Annum,International Financial Statistics (IFS),Published,Units,4.67833333333333,0.525,0.479166666666667,0.5225,0.476666666666667,0.453333333333333
United Kingdom,"Interest Rates, Lending Rate",Percent per Annum,International Financial Statistics (IFS),Published,Units,4.625,0.625,0.5,0.5,0.5,0.5
United States,"Interest Rates, Discount Rate",Percent per Annum,International Financial Statistics (IFS),Published,Units,0.5,0.5,0.75,0.75,0.75,0.75
United States,"Interest Rates, Money Market Rate",Percent per Annum,International Financial Statistics (IFS),Published,Units,1.9275,0.16,0.175,0.101666666666667,0.14,0.1075
United States,"Interest Rates, Lending Rate",Percent per Annum,International Financial Statistics (IFS),Published,Units,5.0875,3.25,3.25,3.25,3.25,3.25
Uruguay,"Interest Rates, Discount Rate",Percent per Annum,International Financial Statistics (IFS),Published,Units,20,20,20,20,20,30
Uruguay,"Interest Rates, Money Market Rate",Percent per Annum,International Financial Statistics (IFS),Published,Units,9.79978489330131,8.59597041423401,6.31061642710376,7.57716906482058,8.8165366129284,8.70815471642029
Uruguay,"Interest Rates, Lending Rate",Percent per Annum,International Financial Statistics (IFS),Published,Units,12.4476125,15.284842385802,10.3262221820083,9.78182074182773,11.1991921565682,12.4340649587399
Uruguay,"Interest Rates, Deposit Rate",Percent per Annum,International Financial Statistics (IFS),Published,Units,3.23125725,4.40058373693104,4.16579986199277,4.55463122784372,4.44982667719485,4.64794078959411
Vanuatu,"Interest Rates, Discount Rate",Percent per Annum,International Financial Statistics (IFS),Published,Units,6,6,6,6,6,5.5
Vanuatu,"Interest Rates, Money Market Rate",Percent per Annum,International Financial Statistics (IFS),Published,Units,5.77916666666667,5.6125,5.5,5.5,5.5,5.08333333333333
Vanuatu,"Interest Rates, Lending Rate",Percent per Annum,International Financial Statistics (IFS),Published,Units,5.29166666666667,5.5,5.5,5.5,6.05,5
Vanuatu,"Interest Rates, Deposit Rate",Percent per Annum,International Financial Statistics (IFS),Published,Units,1.25,1.25,1.58333333333333,1.5,1.3125,1.25
"Venezuela, Republica Bolivariana de","Interest Rates, Discount Rate",Percent per Annum,International Financial Statistics (IFS),Published,Units,33.5,29.5,29.5,29.5,29.5,29.5
"Venezuela, Republica Bolivariana de","Interest Rates, Money Market Rate",Percent per Annum,International Financial Statistics (IFS),Published,Units,11.0916666666667,10.025,5.35833333333333,4.92583333333332,0.819166666666666,1.61124901423837
"Venezuela, Republica Bolivariana de","Interest Rates, Lending Rate",Percent per Annum,International Financial Statistics (IFS),Published,Units,22.3708333333333,19.8933333333333,18.3475,17.15,16.38,15.895
"Venezuela, Republica Bolivariana de","Interest Rates, Deposit Rate",Percent per Annum,International Financial Statistics (IFS),Published,Units,16.1533333333333,16.4091666666667,14.8008333333333,14.59,14.5091666666667,14.5033333333333
Vietnam,"Interest Rates, Lending Rate",Percent per Annum,International Financial Statistics (IFS),Published,Units,15.7835714285714,10.069,13.13525,16.9538333333333,13.4716666666667,10.3741666666667
Vietnam,"Interest Rates, Deposit Rate",Percent per Annum,International Financial Statistics (IFS),Published,Units,12.7304166666667,7.91,11.19375,13.9935,10.5036666666667,7.14
West Bank and Gaza,"Interest Rates, Lending Rate",Percent per Annum,International Financial Statistics (IFS),Published,Units,7.1875,6.19,6.235,6.78660760685902,6.9675,
West Bank and Gaza,"Interest Rates, Deposit Rate",Percent per Annum,International Financial Statistics (IFS),Published,Units,0.805,0.4,0.29,0.52907055423672,0.4575,
"Yemen, Republic of","Interest Rates, Lending Rate",Percent per Annum,International Financial Statistics (IFS),Published,Units,18,18,23.8333333333333,25,24.5,22.0833333333333
"Yemen, Republic of","Interest Rates, Deposit Rate",Percent per Annum,International Financial Statistics (IFS),Published,Units,13,10.6666666666667,18.6666666666667,20,19.5,15.25
Zambia,"Interest Rates, Discount Rate",Percent per Annum,International Financial Statistics (IFS),Published,Units,14.4876,8.3891,7.1668,9.70596,10.3761,12.127575
Zambia,"Interest Rates, Lending Rate",Percent per Annum,International Financial Statistics (IFS),Published,Units,19.0631871620748,22.0631220691742,20.9163167956992,18.8368242993594,12.1497663670192,9.52083333333333
Zambia,"Interest Rates, Deposit Rate",Percent per Annum,International Financial Statistics (IFS),Published,Units,6.55070512820512,7.0901282051282,7.4,7.0234,7,6.4908598772066
CEMAC,"Interest Rates, Discount Rate",Percent per Annum,International Financial Statistics (IFS),Published,Units,4.75,4.25,4,4,4,3.25
CEMAC,"Interest Rates, Deposit Rate",Percent per Annum,International Financial Statistics (IFS),Published,Units,3.75,3.25,3.25,3.25,3.25,3.20833333333333
Eastern Caribbean Currency Union,"Interest Rates, Discount Rate",Percent per Annum,International Financial Statistics (IFS),Published,Units,6.5,6.5,6.5,6.5,6.5,6.5
Eastern Caribbean Currency Union,"Interest Rates, Money Market Rate",Percent per Annum,International Financial Statistics (IFS),Published,Units,4.92166666666667,6.03223333333333,6.37048333333333,5.68368333333333,5.0379375,6.28434166666667
Eastern Caribbean Currency Union,"Interest Rates, Lending Rate",Percent per Annum,International Financial Statistics (IFS),Published,Units,9.71234281117868,10.000787704491,10.1263814844767,10.0156181934365,9.47221561202062,9.24728142902745
Eastern Caribbean Currency Union,"Interest Rates, Deposit Rate",Percent per Annum,International Financial Statistics (IFS),Published,Units,3.47870544124922,3.4993788901913,3.46759470409811,3.40902708143073,3.26971080344986,3.0719217884489
West African Economic and Monetary Union (WAEMU),"Interest Rates, Deposit Rate",Percent per Annum,International Financial Statistics (IFS),Published,Units,3.5,3.5,3.5,3.5,3.5,3.5